unique_id,gender,hold racket handed,play years_0,play years_1,play years_2,level_2,level_3,level_4,level_5
1968,0.9695,0.9998,0.0672,0.0899,0.843,0.8228,0.0004,0.0144,0.1624
1969,0.999,1,0.013,0.9622,0.0248,0.0005,0,0.0001,0.9994
1970,0.9983,1,0.0008,0.995,0.0042,0.0002,0,0.0001,0.9997
1971,0.9981,1,0.0014,0.9933,0.0053,0.0002,0,0.0001,0.9998
1972,0.9978,1,0.0068,0.9563,0.0369,0.0082,0,0.0003,0.9915
1973,0.9536,0.9996,0.1154,0.0596,0.8249,0.859,0.0006,0.0054,0.135
1974,0.9978,1,0.002,0.9814,0.0166,0.0017,0,0.0003,0.998
1975,0.9987,0.9998,0.0034,0.9274,0.0692,0.0112,0.0001,0.0002,0.9885
1976,0.9364,0.9988,0.0069,0.7959,0.1972,0.2661,0.0001,0.0037,0.7301
1977,0.999,0.9999,0.0011,0.9907,0.0082,0.0013,0,0.0002,0.9985
1978,0.9991,1,0.0002,0.9984,0.0014,0.0001,0,0,0.9999
1979,0.9797,0.9999,0.0146,0.756,0.2294,0.0089,0.0002,0.0007,0.9903
1980,0.8203,0.9745,0.2569,0.2995,0.4436,0.6184,0.0042,0.1455,0.2319
1981,0.9444,0.8976,0.005,0.9255,0.0695,0.0092,0.0011,0.0014,0.9882
1982,0.9984,1,0.0005,0.9928,0.0067,0.0001,0,0,0.9999
1983,0.9667,0.9364,0.0409,0.5731,0.3859,0.1592,0.0003,0.0118,0.8287
1984,0.9962,0.9566,0.5219,0.321,0.157,0.2122,0.0011,0.0601,0.7266
1985,0.9974,0.3976,0.2201,0.7498,0.0301,0.0324,0.1975,0.093,0.677
1986,0.9983,1,0.0056,0.9793,0.0151,0.0028,0,0.0002,0.997
1987,0.9694,0.9998,0.0567,0.7937,0.1496,0.0925,0,0.0144,0.8931
1988,0.8183,0.9412,0.5396,0.2924,0.168,0.2839,0.0044,0.4747,0.237
1989,0.9965,1,0.0054,0.9692,0.0254,0.002,0,0,0.998
1990,0.9852,0.5912,0.1355,0.4574,0.4071,0.5117,0.1035,0.1095,0.2753
1991,0.9764,0.988,0.318,0.2784,0.4037,0.4216,0.0003,0.0235,0.5545
1992,0.9946,1,0.0029,0.9705,0.0266,0.002,0,0.0001,0.998
1993,0.9383,0.9323,0.0112,0.9545,0.0344,0.0137,0.0112,0.0178,0.9573
1994,0.9938,1,0.0008,0.9858,0.0133,0.0003,0,0,0.9997
1995,0.8485,0.9991,0.1263,0.1447,0.729,0.8014,0.0078,0.0077,0.183
1996,0.8813,0.9998,0.0183,0.928,0.0537,0.0714,0,0.0033,0.9253
1997,0.981,0.9999,0.0116,0.979,0.0095,0.0034,0,0.0016,0.995
1998,0.9968,1,0.022,0.9659,0.0121,0.0015,0,0.0003,0.9982
1999,0.9974,1,0.0007,0.9963,0.0029,0.0001,0,0.0001,0.9998
2000,0.9561,0.9998,0.2514,0.0859,0.6626,0.6994,0.006,0.0147,0.28
2001,0.8583,0.995,0.1687,0.1589,0.6724,0.7206,0.0032,0.0182,0.258
2002,0.9846,1,0.017,0.8429,0.1401,0.0707,0,0.0013,0.928
2003,0.9971,1,0.023,0.933,0.044,0.0036,0,0.0002,0.9962
2004,0.9916,0.9824,0.4033,0.341,0.2557,0.1165,0.0001,0.0028,0.8807
2005,0.6829,0.9522,0.1082,0.3452,0.5466,0.6967,0.0027,0.0729,0.2278
2006,0.9877,0.9218,0.0058,0.9496,0.0446,0.0391,0.0052,0.0053,0.9504
2007,0.9999,0.0186,0.1843,0.7939,0.0218,0.0285,0.123,0.0224,0.8261
2008,0.996,0.9615,0.0815,0.7104,0.208,0.1649,0.0194,0.1578,0.6579
2009,0.9539,0.9199,0.0418,0.7432,0.2149,0.202,0.0179,0.1321,0.648
2010,0.9816,0.9999,0.0074,0.961,0.0316,0.019,0,0.0066,0.9744
2011,0.9944,0.6569,0.2929,0.6558,0.0513,0.1026,0.3328,0.0746,0.4899
2012,0.9182,0.9935,0.1187,0.1227,0.7587,0.7287,0.0052,0.0112,0.2549
2013,0.9738,0.9977,0.0063,0.9756,0.0181,0.0146,0.0004,0.0052,0.9798
2014,0.9968,1,0.0034,0.9875,0.0091,0.002,0,0.0005,0.9976
2015,0.9967,0.7203,0.0937,0.8732,0.0332,0.0242,0.056,0.2161,0.7037
2016,0.7553,0.9985,0.1197,0.1542,0.7262,0.7515,0.0007,0.01,0.2378
2017,0.9854,0.9996,0.0015,0.9867,0.0118,0.0601,0,0.0006,0.9393
2018,0.994,1,0.0044,0.9316,0.0639,0.0012,0,0,0.9987
2019,0.9991,1,0.0007,0.9844,0.0149,0.0003,0,0,0.9997
2020,0.6939,0.9556,0.1313,0.2411,0.6276,0.7194,0.0007,0.0596,0.2202
2021,0.8324,0.9906,0.6553,0.2778,0.067,0.1112,0.0006,0.5071,0.3811
2022,0.4644,0.9524,0.1333,0.0835,0.7832,0.7759,0,0.0405,0.1836
2023,0.9858,0.9999,0.003,0.95,0.047,0.0137,0,0.002,0.9842
2024,0.9961,0.9997,0.0026,0.9533,0.0441,0.003,0,0.0009,0.9961
2025,0.9827,0.9942,0.005,0.5699,0.4252,0.2576,0,0.0129,0.7296
2026,0.9288,0.9963,0.1095,0.1186,0.7718,0.7939,0.0006,0.0119,0.1936
2027,0.8275,0.9797,0.1705,0.2047,0.6248,0.7313,0.0001,0.1005,0.1681
2028,0.9941,0.6711,0.2484,0.73,0.0216,0.0275,0.223,0.1247,0.6248
2029,0.997,1,0.0002,0.9976,0.0022,0,0,0,1
2030,0.8182,0.9957,0.273,0.1483,0.5787,0.6705,0.01,0.0153,0.3042
2031,0.993,0.9994,0.0062,0.7402,0.2536,0.0346,0.0077,0.0002,0.9575
2032,0.9981,1,0.0028,0.9826,0.0146,0.0006,0,0.0002,0.9992
2033,0.9943,0.9635,0.5905,0.2448,0.1647,0.1005,0.0001,0.0065,0.8929
2034,0.7998,0.9973,0.102,0.206,0.692,0.6833,0.002,0.0323,0.2824
2035,0.9995,0.038,0.2635,0.7225,0.014,0.0121,0.3677,0.1346,0.4856
2036,0.9902,0.9998,0.0457,0.9298,0.0245,0.0081,0,0.0014,0.9905
2037,0.963,1,0.0213,0.0582,0.9206,0.9434,0,0.0012,0.0554
2038,0.9987,0.9999,0.0128,0.964,0.0231,0.0019,0,0.0004,0.9978
2039,0.9952,0.9995,0.0317,0.9471,0.0212,0.0058,0,0.0018,0.9924
2040,0.9843,1,0.0088,0.8999,0.0913,0.0067,0.0003,0.0003,0.9927
2041,0.9883,1,0.0011,0.9925,0.0064,0.001,0,0.0001,0.9989
2042,0.9947,1,0.1497,0.419,0.4313,0.482,0.0002,0.0225,0.4953
2043,0.9991,1,0.0019,0.9654,0.0326,0.0036,0,0.0001,0.9963
2044,0.8326,0.9887,0.1425,0.2817,0.5758,0.8022,0.0008,0.065,0.1321
2045,0.989,1,0.0024,0.9848,0.0129,0.0016,0,0.0002,0.9983
2046,0.9977,0.9998,0.0412,0.8928,0.0661,0.0278,0,0.0015,0.9707
2047,0.996,0.9999,0.0074,0.8472,0.1454,0.0395,0,0.0007,0.9598
2048,0.9476,0.9976,0.0007,0.8686,0.1307,0.0141,0.0145,0.0001,0.9713
2049,0.9915,1,0.0393,0.7045,0.2562,0.0974,0,0.0018,0.9008
2050,0.994,0.9999,0.5978,0.1908,0.2114,0.1908,0,0.001,0.8081
2051,0.995,1,0.8572,0.06,0.0828,0.0727,0,0.0026,0.9247
2052,0.9976,1,0.0015,0.986,0.0125,0.0005,0,0,0.9994
2053,0.9127,0.9973,0.1807,0.2784,0.5408,0.6788,0.0014,0.0493,0.2705
2054,0.9866,0.9992,0.5044,0.2444,0.2512,0.2277,0.0001,0.004,0.7682
2055,0.9988,1,0.0012,0.991,0.0078,0.0002,0,0.0002,0.9996
2056,0.9481,0.9993,0.2772,0.2344,0.4884,0.6495,0.0005,0.008,0.342
2057,0.9672,0.9998,0.0094,0.93,0.0605,0.0213,0,0.0022,0.9765
2058,0.9979,0.9999,0.004,0.9644,0.0316,0.0056,0,0.0002,0.9942
2059,0.9851,0.9999,0.0037,0.9455,0.0509,0.047,0,0.0049,0.9481
2060,0.9917,1,0.0052,0.9797,0.0151,0.0008,0.0001,0,0.9992
2061,0.8271,0.9969,0.1675,0.2426,0.5899,0.6748,0.0121,0.0245,0.2886
2062,0.8664,1,0.2775,0.5323,0.1901,0.2576,0.0009,0.1508,0.5907
2063,0.9878,0.9999,0.012,0.9239,0.064,0.0214,0,0.0036,0.9749
2064,0.9705,0.9351,0.0701,0.8074,0.1224,0.0577,0.0091,0.0379,0.8952
2065,0.9714,0.9989,0.337,0.1383,0.5247,0.5754,0.0372,0.0172,0.3702
2066,0.7018,0.9863,0.3348,0.4091,0.2561,0.4337,0.0006,0.2256,0.3401
2067,0.9997,0.388,0.0758,0.8796,0.0446,0.029,0.099,0.209,0.663
2068,0.9196,0.8925,0.0437,0.616,0.3403,0.2956,0.0396,0.0461,0.6187
2069,0.9164,0.9999,0.1853,0.2138,0.6009,0.6362,0.0006,0.0497,0.3135
2070,0.9925,0.9995,0.0021,0.979,0.0188,0.0019,0.0001,0.0003,0.9978
2071,0.9865,0.9826,0.0052,0.9408,0.054,0.0261,0.0047,0.0446,0.9245
2072,0.9484,0.9661,0.0206,0.5275,0.4519,0.0912,0.0191,0.0342,0.8555
2073,0.9872,0.8796,0.0098,0.9478,0.0425,0.0287,0.0044,0.0875,0.8794
2074,0.9644,0.9998,0.0134,0.9253,0.0612,0.0706,0,0.0052,0.9242
2075,0.9586,0.9998,0.0256,0.0625,0.9119,0.9311,0.0001,0.0016,0.0673
2076,0.9313,0.9997,0.0589,0.2235,0.7176,0.7568,0.0038,0.0057,0.2338
2077,0.972,0.9998,0.0046,0.9362,0.0592,0.0026,0.0108,0.0001,0.9865
2078,0.9818,0.9999,0.1004,0.2736,0.6259,0.6882,0.0004,0.0183,0.2931
2079,0.7533,0.9769,0.0636,0.2924,0.644,0.8563,0.0048,0.0504,0.0884
2080,0.9914,0.9998,0.013,0.7264,0.2606,0.0964,0.0001,0.0028,0.9007
2081,0.9907,0.7444,0.0115,0.9837,0.0048,0.0014,0.0081,0.0097,0.9808
2082,0.9992,1,0.6825,0.2283,0.0892,0.1248,0.0003,0.0226,0.8523
2083,0.972,0.9984,0.0078,0.7868,0.2054,0.0929,0,0.0084,0.8987
2084,0.9945,1,0.3069,0.2971,0.396,0.3895,0.0003,0.0209,0.5893
2085,0.9985,1,0.0231,0.7732,0.2037,0.0628,0,0.0017,0.9355
2086,0.9978,1,0.0152,0.8936,0.0912,0.0227,0,0.0013,0.976
2087,0.9964,1,0.0038,0.9877,0.0085,0.0013,0,0.0001,0.9986
2088,0.9941,1,0.0083,0.8453,0.1464,0.0102,0,0.0002,0.9896
2089,0.9909,1,0.004,0.9788,0.0172,0.0002,0,0.0001,0.9997
2090,0.9966,1,0.0002,0.9937,0.0061,0.0002,0,0,0.9998
2091,0.7375,0.9983,0.0836,0.3229,0.5935,0.6658,0.0011,0.013,0.3201
2092,0.9639,0.9998,0.0271,0.8886,0.0843,0.0777,0.0002,0.0146,0.9075
2093,0.9981,1,0.0004,0.9959,0.0036,0.0001,0,0,0.9999
2094,0.9908,1,0.0004,0.9909,0.0086,0.0001,0,0,0.9999
2095,0.9724,0.9587,0.054,0.6075,0.3385,0.2011,0.0162,0.0558,0.7269
2096,0.9787,0.9966,0.246,0.2017,0.5522,0.5177,0.0001,0.0034,0.4789
2097,0.9987,0.568,0.1491,0.8125,0.0385,0.0363,0.0905,0.0123,0.861
2098,0.926,0.9989,0.1331,0.0744,0.7924,0.8149,0.0256,0.0064,0.153
2099,0.9958,0.9999,0.0116,0.777,0.2114,0.0982,0,0.0043,0.8976
2100,0.9967,0.9882,0.3634,0.3043,0.3324,0.2113,0.0003,0.0051,0.7833
2101,0.9655,0.9941,0.186,0.0856,0.7284,0.7739,0.0006,0.0087,0.2168
2102,0.9959,0.6336,0.0805,0.9047,0.0147,0.0149,0.0699,0.0417,0.8735
2103,0.9987,1,0.0185,0.8867,0.0948,0.0117,0,0.0012,0.9871
2104,0.9905,0.9999,0.211,0.127,0.662,0.5906,0.0004,0.0075,0.4015
2105,0.9922,1,0.0031,0.9395,0.0574,0.0238,0.0001,0.0004,0.9758
2106,0.9708,1,0.0132,0.9217,0.0651,0.0462,0,0.0015,0.9523
2107,0.9989,1,0.0019,0.987,0.0111,0.0009,0,0.0002,0.9989
2108,0.9973,1,0.0012,0.9922,0.0066,0.0001,0,0.0001,0.9998
2109,0.9962,1,0.0027,0.9745,0.0228,0.0027,0,0.0002,0.9971
2110,0.9695,0.9999,0.0938,0.138,0.7682,0.7212,0.0001,0.0068,0.2719
2111,0.8114,0.9907,0.2903,0.2975,0.4121,0.5817,0.0004,0.2705,0.1475
2112,0.9902,0.9993,0.0051,0.871,0.1239,0.0331,0.0048,0.0011,0.961
2113,0.9544,0.9998,0.1945,0.3235,0.4819,0.5404,0.001,0.0114,0.4471
2114,0.9683,0.9996,0.5765,0.1802,0.2433,0.3589,0.0002,0.1815,0.4594
2115,0.7345,0.9989,0.0181,0.8604,0.1215,0.2183,0.0015,0.0089,0.7713
2116,0.9808,0.9999,0.0421,0.1167,0.8413,0.8559,0.0001,0.0039,0.1401
2117,0.9527,0.9995,0.2116,0.2019,0.5865,0.6288,0.0001,0.0056,0.3655
2118,0.9978,1,0.0005,0.9953,0.0042,0.0002,0,0,0.9998
2119,0.9545,0.8119,0.2284,0.6763,0.0953,0.1367,0.1714,0.0938,0.5981
2120,0.9995,0.3287,0.1761,0.8143,0.0096,0.0094,0.1725,0.0602,0.7578
2121,0.9949,1,0.0135,0.9634,0.0231,0.0026,0,0.0005,0.9969
2122,0.8807,0.9996,0.1719,0.2277,0.6004,0.6511,0.0007,0.029,0.3192
2123,0.9964,1,0.0021,0.9929,0.005,0.0003,0,0.0001,0.9996
2124,0.9699,0.9998,0.0413,0.8237,0.1349,0.1005,0.0002,0.0107,0.8886
2125,0.9969,0.9999,0.0084,0.9595,0.0321,0.0025,0.0001,0.0004,0.997
2126,0.9722,0.9724,0.1064,0.6366,0.257,0.2183,0.0325,0.1281,0.621
2127,0.9857,1,0.0534,0.8607,0.0859,0.0777,0.0007,0.0094,0.9122
2128,0.9967,1,0.0089,0.9681,0.023,0.007,0,0.0007,0.9924
2129,0.9977,0.9999,0.0538,0.8703,0.0759,0.0165,0,0.0006,0.9829
2130,0.9732,0.8781,0.0879,0.8117,0.1004,0.0855,0.0289,0.1077,0.7779
2131,0.9895,0.9999,0.008,0.959,0.033,0.006,0,0.0009,0.9931
2132,0.8805,0.9846,0.0303,0.2772,0.6925,0.7602,0.0026,0.01,0.2272
2133,0.9974,1,0.0009,0.9804,0.0188,0.0012,0,0.0002,0.9986
2134,0.999,1,0.0281,0.8562,0.1157,0.0356,0.0002,0.0032,0.961
2135,0.9992,0.0628,0.3609,0.6201,0.019,0.0277,0.3026,0.0664,0.6033
2136,0.9586,0.9999,0.1389,0.1197,0.7414,0.6975,0.0001,0.0088,0.2936
2137,0.9816,0.8085,0.0116,0.867,0.1214,0.0483,0.0545,0.0172,0.88
2138,0.9972,1,0.0061,0.9768,0.0171,0.0007,0,0.0003,0.9989
2139,0.9964,1,0.0084,0.9507,0.0409,0.0117,0,0.0011,0.9873
2140,0.9985,1,0.0008,0.9965,0.0027,0,0,0.0001,0.9999
2141,0.8379,0.9982,0.1155,0.1911,0.6935,0.7049,0.0004,0.0141,0.2806
2142,0.933,0.9129,0.0269,0.8906,0.0826,0.0363,0.0115,0.0303,0.9219
2143,0.9865,0.9991,0.0043,0.7006,0.2951,0.0979,0,0.0005,0.9016
2144,0.9916,1,0.0032,0.9832,0.0136,0.0043,0,0.0014,0.9943
2145,0.9835,1,0.1393,0.2736,0.5871,0.5903,0.0003,0.0124,0.397
2146,0.993,1,0.0014,0.9943,0.0043,0.0005,0,0.0002,0.9993
2147,0.9589,0.9999,0.0787,0.724,0.1973,0.0838,0,0.0033,0.913
2148,0.9952,1,0.0049,0.9777,0.0173,0.0004,0,0.0002,0.9993
2149,0.9842,0.9522,0.0172,0.8807,0.1021,0.012,0.0042,0.0332,0.9506
2150,0.9982,0.7356,0.1222,0.7993,0.0785,0.1326,0.1003,0.0453,0.7218
2151,0.9887,1,0.1051,0.1235,0.7714,0.7864,0.0001,0.0073,0.2062
2152,0.9763,0.9999,0.0316,0.891,0.0774,0.0417,0,0.0031,0.9552
2153,0.7344,0.9712,0.1772,0.1843,0.6385,0.767,0.0002,0.1023,0.1306
2154,0.9894,0.9999,0.0044,0.9244,0.0712,0.0249,0,0.0012,0.9738
2155,0.8817,0.9539,0.0134,0.8909,0.0958,0.0568,0.0126,0.0088,0.9218
2156,0.8876,0.9884,0.3805,0.301,0.3184,0.423,0.2167,0.0616,0.2988
2157,0.9997,1,0.0039,0.9776,0.0185,0.0007,0,0.0004,0.9989
2158,0.9798,0.9055,0.0067,0.9505,0.0428,0.0182,0.0079,0.0142,0.9597
2159,0.997,1,0.0066,0.9682,0.0253,0.0044,0,0.0002,0.9954
2160,0.9955,1,0.0039,0.9775,0.0186,0.0008,0,0.0002,0.9991
2161,0.9954,1,0.0285,0.5801,0.3915,0.1542,0,0.0018,0.844
2162,0.9607,0.9999,0.0281,0.8953,0.0767,0.0474,0.0001,0.0076,0.9448
2163,0.9907,1,0.0019,0.9328,0.0653,0.0036,0,0.0001,0.9963
2164,0.7696,0.9988,0.0192,0.8449,0.1359,0.2732,0.0001,0.0075,0.7193
2165,0.9983,0.9999,0.0102,0.9129,0.0768,0.0136,0,0.0005,0.9859
2166,0.7012,0.9949,0.4623,0.1887,0.349,0.4965,0,0.102,0.4015
2167,0.9959,1,0.0348,0.7091,0.2561,0.1113,0.0001,0.0017,0.8869
2168,0.9916,0.9649,0.0103,0.8721,0.1177,0.031,0.0179,0.0798,0.8714
2169,0.7139,0.9978,0.2161,0.3841,0.3998,0.647,0.0005,0.1431,0.2093
2170,0.992,1,0.014,0.8661,0.1199,0.01,0,0.0002,0.9897
2171,0.9683,0.9746,0.0108,0.3834,0.6058,0.5107,0,0.0147,0.4746
2172,0.8818,0.9996,0.0677,0.106,0.8263,0.8114,0.0011,0.0127,0.1748
2173,0.9507,0.8455,0.0115,0.8869,0.1016,0.061,0.0184,0.0107,0.9099
2175,0.9843,0.7932,0.2326,0.6476,0.1198,0.1474,0.2565,0.0753,0.5209
2176,0.9927,0.9997,0.2873,0.2709,0.4418,0.4712,0.0006,0.0167,0.5115
2177,0.9496,0.9998,0.0067,0.9285,0.0648,0.0481,0,0.0022,0.9496
2178,0.98,0.9985,0.0055,0.6645,0.33,0.0838,0,0.0016,0.9146
2179,0.987,0.9986,0.0095,0.6408,0.3497,0.5357,0,0.0049,0.4594
2180,0.9992,0.6575,0.1242,0.784,0.0918,0.1541,0.103,0.0355,0.7074
2181,0.9743,1,0.0621,0.1317,0.8062,0.8887,0.0004,0.0089,0.102
2183,0.9965,1,0.0981,0.3341,0.5678,0.5778,0,0.0107,0.4115
2184,0.9972,0.9998,0.4189,0.1575,0.4236,0.4932,0.0001,0.0039,0.5028
2185,0.9627,1,0.2245,0.357,0.4185,0.5016,0.0004,0.0068,0.4911
2186,0.9755,0.9513,0.053,0.6482,0.2988,0.2362,0.0213,0.083,0.6596
2187,0.9679,0.9983,0.0695,0.137,0.7935,0.8249,0,0.0065,0.1686
2188,0.9911,1,0.001,0.9901,0.0089,0.0014,0.0001,0.0002,0.9983
2189,0.9822,0.9922,0.0591,0.1981,0.7428,0.6629,0,0.0024,0.3347
2190,0.9986,1,0.0038,0.9367,0.0595,0.0033,0,0.0001,0.9966
2191,0.9971,0.6518,0.1922,0.7823,0.0255,0.0297,0.2133,0.0563,0.7007
2192,0.9981,1,0.0015,0.9842,0.0143,0.0019,0,0.0001,0.998
2193,0.9933,0.9999,0.0015,0.9902,0.0083,0.0002,0,0,0.9997
2194,0.9538,0.9997,0.0178,0.8138,0.1684,0.1104,0,0.0044,0.8851
2195,0.969,0.9999,0.0385,0.8318,0.1298,0.1693,0.0001,0.009,0.8215
2196,0.9968,0.9999,0.0161,0.9342,0.0496,0.0088,0,0.0004,0.9907
2197,0.9529,0.902,0.0055,0.9635,0.0311,0.0096,0.0033,0.0107,0.9764
2198,0.9562,0.9995,0.0246,0.9332,0.0423,0.022,0,0.0022,0.9758
2199,0.9975,1,0.0006,0.9975,0.0019,0.0002,0,0.0001,0.9997
2200,0.9575,0.9995,0.1685,0.6004,0.2311,0.2198,0,0.0157,0.7644
2201,0.9599,0.9996,0.1447,0.0657,0.7896,0.7899,0.0002,0.0073,0.2026
2202,0.8904,0.9995,0.0126,0.9142,0.0732,0.106,0.0001,0.0036,0.8903
2203,0.9787,0.9999,0.0037,0.9925,0.0039,0.0012,0,0.0002,0.9986
2204,0.9944,0.9614,0.0445,0.7786,0.1769,0.149,0.0166,0.0743,0.7601
2205,0.997,0.9999,0.1012,0.2102,0.6886,0.6425,0,0.0042,0.3532
2206,0.9788,1,0.0036,0.9933,0.0031,0.0006,0,0.0008,0.9985
2207,0.9013,0.9732,0.1381,0.1534,0.7086,0.7883,0.0025,0.0408,0.1685
2208,0.9694,0.9997,0.0032,0.9895,0.0073,0.0206,0,0.0002,0.9792
2209,0.9907,0.9997,0.5886,0.3004,0.111,0.1476,0.0001,0.0093,0.843
2210,0.9934,0.9999,0.0104,0.9505,0.0391,0.0118,0,0.0008,0.9873
2211,0.9669,1,0.0722,0.0774,0.8504,0.859,0,0.0027,0.1383
2212,0.8017,0.9998,0.1049,0.267,0.6281,0.7163,0.0003,0.0111,0.2723
2213,0.9974,0.6985,0.2187,0.7439,0.0373,0.0368,0.2224,0.0786,0.6622
2214,0.9907,0.9997,0.0101,0.8635,0.1264,0.0334,0,0.0002,0.9663
2215,0.9976,1,0.0062,0.9579,0.0359,0.0092,0,0.0002,0.9905
2216,0.9974,0.1576,0.0971,0.8955,0.0074,0.0071,0.0923,0.147,0.7536
2217,0.6774,0.9975,0.1168,0.3199,0.5633,0.6018,0.0025,0.0488,0.3469
2218,0.9871,0.9983,0.0371,0.8495,0.1134,0.0948,0.0026,0.0023,0.9003
2219,0.9938,0.9989,0.2809,0.4671,0.252,0.287,0.0001,0.0244,0.6886
2220,0.934,0.8838,0.0172,0.8375,0.1454,0.1342,0.0075,0.0138,0.8446
2221,0.7809,0.9996,0.0536,0.1782,0.7683,0.8292,0.0008,0.0137,0.1564
2222,0.9476,0.9997,0.0291,0.9159,0.055,0.0581,0.0015,0.0066,0.9338
2223,0.9605,0.871,0.0134,0.9003,0.0863,0.027,0.0086,0.0478,0.9166
2224,0.9698,1,0.0057,0.8256,0.1687,0.0067,0.0078,0.0004,0.9851
2225,0.9971,1,0.0006,0.995,0.0044,0.0001,0,0.0001,0.9998
2226,0.9994,0.5159,0.1299,0.7984,0.0717,0.0836,0.1166,0.0337,0.7661
2227,0.9571,0.9984,0.0591,0.1603,0.7806,0.7908,0.0177,0.0093,0.1822
2228,0.9855,0.8245,0.1359,0.7201,0.144,0.1691,0.0764,0.208,0.5466
2229,0.9988,1,0.0005,0.9876,0.0119,0.0004,0,0,0.9996
2230,0.997,1,0.1469,0.3853,0.4678,0.4725,0.0004,0.0153,0.5118
2231,0.9925,1,0.1063,0.2595,0.6342,0.615,0.0001,0.0095,0.3754
2232,0.9904,0.9761,0.3836,0.1912,0.4253,0.3394,0.0002,0.0159,0.6444
2233,0.999,0.6146,0.1844,0.7658,0.0498,0.0641,0.336,0.0377,0.5623
2234,0.9954,1,0.3064,0.2493,0.4443,0.4496,0.0002,0.0058,0.5444
2235,0.9961,1,0.0036,0.9745,0.0219,0.0121,0.0002,0.0008,0.9868
2236,0.9999,1,0.0018,0.9744,0.0238,0.0096,0.0009,0.0007,0.9887
2237,0.9702,0.9996,0.0022,0.7946,0.2032,0.0959,0.0028,0.0016,0.8997
2238,0.9382,0.9986,0.124,0.2562,0.6198,0.6869,0.0427,0.0325,0.2379
2239,0.9619,0.9999,0.0021,0.9759,0.022,0.0109,0,0.0004,0.9887
2240,0.9146,0.9996,0.0598,0.7365,0.2037,0.2031,0.0005,0.0119,0.7845
2241,0.995,1,0.3689,0.3642,0.2669,0.2747,0.0001,0.0371,0.6881
2243,0.9384,0.9997,0.0136,0.924,0.0624,0.0556,0,0.0038,0.9406
2244,0.9951,0.9999,0.0357,0.861,0.1033,0.0198,0,0.0007,0.9795
2245,0.9874,0.9321,0.0795,0.5248,0.3957,0.2651,0.0211,0.0952,0.6186
2246,0.9979,0.9991,0.0758,0.2729,0.6513,0.6258,0.0002,0.0078,0.3662
2247,0.994,1,0.0054,0.9535,0.0411,0.055,0.0002,0.0016,0.9431
2248,0.9937,0.9999,0.0102,0.9656,0.0242,0.0003,0,0,0.9996
2249,0.982,0.9999,0.0215,0.8136,0.1649,0.057,0,0.0041,0.9389
2250,0.9978,1,0.0002,0.9977,0.0021,0.0004,0,0.0001,0.9995
2251,0.9723,0.9384,0.0605,0.725,0.2144,0.4256,0.0296,0.2075,0.3372
2252,0.801,0.9998,0.3731,0.3622,0.2647,0.3547,0.0017,0.1196,0.5241
2253,0.9969,1,0.011,0.943,0.0459,0.0095,0,0.0007,0.9898
2254,0.9541,0.9999,0.0538,0.7517,0.1944,0.1562,0,0.0097,0.8341
2255,0.9978,1,0.0101,0.8976,0.0923,0.01,0,0.0005,0.9894
2256,0.9252,1,0.0011,0.1861,0.8127,0.9554,0.0001,0.0009,0.0436
2257,0.985,1,0.0045,0.9667,0.0288,0.0025,0,0.0004,0.9971
2258,0.9959,0.0829,0.2601,0.691,0.0488,0.0859,0.2033,0.0442,0.6666
2259,0.9405,0.9998,0.2297,0.2919,0.4783,0.6043,0.0046,0.0031,0.388
2260,0.9957,1,0.0017,0.9947,0.0036,0.001,0,0.0005,0.9985
2261,0.9189,0.9906,0.0546,0.0449,0.9005,0.9061,0.0001,0.0045,0.0893
2262,0.9913,0.9998,0.0099,0.9189,0.0711,0.0244,0,0.0013,0.9743
2263,0.9991,1,0.0031,0.9261,0.0709,0.0045,0,0.0035,0.992
2264,0.9681,0.9999,0.0032,0.9749,0.0219,0.0067,0,0.0007,0.9926
2265,0.996,1,0.001,0.979,0.02,0.0028,0,0.0001,0.9971
2266,0.9807,0.9999,0.0148,0.7846,0.2007,0.1015,0,0.0017,0.8968
2267,0.9928,0.9997,0.0288,0.2486,0.7226,0.7459,0.0008,0.0162,0.2371
2268,0.9965,0.9999,0.0017,0.9618,0.0366,0.0283,0,0.001,0.9707
2269,0.9444,0.9996,0.2287,0.2577,0.5136,0.5325,0.0018,0.0067,0.459
2270,0.9992,0.0826,0.2842,0.6723,0.0434,0.0529,0.2053,0.0618,0.6799
2271,0.9305,0.9988,0.0111,0.7824,0.2065,0.3459,0.0001,0.0082,0.6457
2272,0.9941,1,0.0051,0.9623,0.0326,0.0064,0,0.0003,0.9933
2273,0.9973,0.9994,0.3116,0.3584,0.3301,0.2443,0.0012,0.0143,0.7402
2274,0.9975,0.9999,0.0098,0.9676,0.0226,0.0022,0,0.0002,0.9976
2275,0.7585,0.9889,0.1408,0.3881,0.4711,0.7496,0.0002,0.1243,0.126
2276,0.9981,1,0.0006,0.9968,0.0026,0.0001,0,0.0001,0.9998
2277,0.9673,0.9999,0.0058,0.962,0.0322,0.006,0,0.0004,0.9936
2278,0.9976,0.6927,0.1231,0.8205,0.0564,0.0551,0.117,0.0317,0.7962
2279,0.7001,0.9813,0.0858,0.1784,0.7357,0.8751,0.0002,0.0417,0.083
2280,0.9574,0.9525,0.0163,0.9068,0.0769,0.0468,0.0141,0.0496,0.8895
2281,0.9884,0.9645,0.01,0.9143,0.0756,0.0406,0.0099,0.1244,0.825
2282,0.9985,0.9999,0.0178,0.8592,0.123,0.0597,0,0.0018,0.9385
2283,0.817,0.9932,0.1022,0.2143,0.6836,0.852,0.0022,0.0514,0.0944
2284,0.9445,0.9982,0.0534,0.3404,0.6061,0.6818,0.0222,0.0178,0.2782
2285,0.9863,0.9999,0.0821,0.4586,0.4593,0.5163,0.0208,0.0099,0.453
2286,0.9763,0.9999,0.0541,0.8483,0.0976,0.0571,0.0002,0.01,0.9328
2287,0.9783,0.9997,0.0212,0.9112,0.0676,0.0538,0,0.0076,0.9387
2288,0.9867,1,0.1465,0.1681,0.6854,0.7606,0,0.0106,0.2288
2289,0.8622,0.9997,0.2616,0.2024,0.536,0.5822,0.0006,0.0166,0.4006
2290,0.8962,0.9798,0.3522,0.2583,0.3895,0.5225,0.0046,0.2724,0.2005
2291,0.9697,0.9989,0.0597,0.3872,0.553,0.5604,0.0004,0.0108,0.4284
2292,0.998,0.9999,0.0163,0.9738,0.0098,0.0028,0,0.0006,0.9966
2293,0.7687,0.999,0.3619,0.3153,0.3228,0.4107,0.0002,0.1524,0.4367
2294,0.9995,0.1807,0.1336,0.79,0.0764,0.1122,0.146,0.0439,0.6979
2295,0.9933,0.9685,0.4826,0.3144,0.203,0.114,0.0002,0.0168,0.869
2296,0.9726,0.9999,0.0806,0.0808,0.8386,0.884,0.0014,0.0104,0.1042
2297,0.9973,0.9999,0.0067,0.9531,0.0402,0.0113,0,0.0003,0.9884
2298,0.9953,0.9999,0.0078,0.9709,0.0214,0.0023,0,0.0006,0.9971
2299,0.9724,0.9999,0.148,0.1415,0.7105,0.7405,0.0028,0.011,0.2457
2300,0.9965,0.9999,0.0047,0.8182,0.1771,0.0872,0,0.0014,0.9113
2301,0.9918,1,0.0009,0.9826,0.0164,0.0022,0,0,0.9978
2302,0.9967,0.9999,0.0216,0.9431,0.0353,0.0069,0,0.0023,0.9909
2303,0.9988,1,0.0006,0.997,0.0024,0.0001,0,0.0001,0.9998
2304,0.9886,0.9984,0.6872,0.2351,0.0777,0.0965,0.0053,0.013,0.8852
2305,0.9581,0.9459,0.0096,0.7346,0.2559,0.0169,0.0023,0.0051,0.9758
2307,0.9875,0.9011,0.005,0.9478,0.0472,0.026,0.0049,0.0304,0.9386
2308,0.9964,0.9032,0.0124,0.8938,0.0938,0.0751,0.0189,0.1295,0.7764
2309,0.9942,0.9999,0.0113,0.9781,0.0106,0.0011,0,0.0004,0.9984
2310,0.9956,0.9999,0.0113,0.9502,0.0385,0.0114,0,0.0027,0.9859
2311,0.9933,0.273,0.2368,0.7126,0.0507,0.0693,0.1849,0.0919,0.654
2312,0.9809,0.9998,0.0081,0.9299,0.062,0.0332,0,0.0036,0.9632
2313,0.9986,1,0.0051,0.9746,0.0203,0.0059,0,0.0042,0.9899
2314,0.8616,0.9996,0.2087,0.1802,0.6111,0.6342,0.0001,0.0081,0.3575
2315,0.8703,0.9996,0.0305,0.8268,0.1428,0.1969,0.0001,0.0066,0.7964
2316,0.9909,0.9997,0.0305,0.9133,0.0562,0.0101,0,0.0016,0.9883
2317,0.998,1,0.0001,0.9994,0.0005,0.0001,0,0.0001,0.9998
2318,0.9996,1,0.0013,0.9949,0.0039,0.0002,0,0.0001,0.9997
2319,0.9974,0.9999,0.0042,0.9341,0.0617,0.0175,0,0,0.9825
2320,0.9539,0.9266,0.4342,0.1339,0.4319,0.4499,0.0408,0.0579,0.4514
2321,0.9967,1,0.0056,0.9864,0.008,0.0006,0,0.0002,0.9991
2322,0.9305,1,0.0635,0.0546,0.8818,0.9282,0.0003,0.0035,0.068
2323,0.9951,1,0.0046,0.9859,0.0095,0.0002,0,0.0001,0.9997
2324,0.998,1,0.0015,0.9852,0.0132,0.0024,0,0.0002,0.9974
2325,0.9055,0.999,0.0267,0.7546,0.2187,0.2164,0.0008,0.012,0.7708
2326,0.9966,0.9999,0.0209,0.9307,0.0485,0.0092,0.0037,0.0012,0.9859
2327,0.9862,0.9998,0.0401,0.6,0.3599,0.2228,0,0.0043,0.7729
2328,0.999,1,0.0291,0.9134,0.0575,0.0025,0,0.0003,0.9972
2329,0.9867,0.9993,0.0409,0.866,0.0931,0.6734,0.0015,0.0665,0.2586
2330,0.9985,1,0.0026,0.986,0.0114,0.0006,0.0002,0.0001,0.9991
2331,0.9975,0.9998,0.0013,0.9875,0.0113,0.0004,0,0,0.9995
2332,0.9931,0.9999,0.0174,0.9282,0.0544,0.0031,0,0.0003,0.9966
2333,0.9693,0.9999,0.0065,0.9649,0.0286,0.0153,0,0.0006,0.9841
2334,0.9238,0.9906,0.1198,0.2187,0.6615,0.7251,0.0496,0.0207,0.2047
2335,0.9731,0.9999,0.0065,0.9442,0.0493,0.0378,0.0001,0.0092,0.9529
2336,0.9983,1,0.0007,0.9938,0.0055,0.0002,0,0.0001,0.9997
2337,0.9454,0.6892,0.0628,0.6418,0.2953,0.4231,0.0076,0.1834,0.3858
2338,0.9985,1,0.006,0.7707,0.2233,0.1117,0,0.0005,0.8878
2339,0.9542,0.9999,0.0046,0.98,0.0153,0.0168,0,0.005,0.9782
2340,0.999,1,0.0213,0.952,0.0267,0.0015,0,0.0006,0.998
2341,0.9973,0.9995,0.006,0.7176,0.2764,0.0737,0,0.0011,0.9251
2342,0.9935,1,0.0018,0.9507,0.0475,0.0092,0.0002,0.0005,0.9902
2343,0.9974,0.9999,0.0397,0.9344,0.0259,0.0102,0,0.0004,0.9894
2344,0.88,0.9992,0.0413,0.2085,0.7502,0.8076,0.0017,0.0207,0.17
2345,0.9903,0.9998,0.0229,0.8686,0.1085,0.047,0,0.002,0.9509
2346,0.9992,0.245,0.1579,0.8352,0.007,0.0066,0.2222,0.0875,0.6837
2347,0.9915,0.9999,0.0186,0.8458,0.1357,0.1952,0.001,0.0055,0.7983
2348,0.8387,0.9999,0.1422,0.1235,0.7343,0.7773,0.001,0.0081,0.2136
2349,0.9941,1,0.0092,0.9517,0.0391,0.0097,0,0.0005,0.9897
2350,0.9914,0.9997,0.0113,0.9691,0.0197,0.0078,0,0.0002,0.992
2351,0.9987,0.011,0.2847,0.6254,0.0899,0.0895,0.2223,0.0366,0.6515
2352,0.9696,0.9999,0.0074,0.9694,0.0232,0.0031,0,0.0003,0.9966
2353,0.9982,1,0.0184,0.9381,0.0435,0.0044,0,0.0049,0.9907
2354,0.9821,1,0.0411,0.853,0.1058,0.1371,0.001,0.009,0.8529
2355,0.978,1,0.0034,0.8548,0.1418,0.0164,0.0026,0.0004,0.9805
2356,0.9967,1,0.0016,0.9586,0.0398,0.0359,0,0.0001,0.964
2357,0.9894,0.9999,0.0257,0.9301,0.0441,0.0108,0,0.003,0.9862
2358,0.8941,0.9997,0.026,0.6489,0.3251,0.1589,0.0266,0.0051,0.8094
2359,0.9933,1,0.0052,0.9553,0.0395,0.0053,0,0.0003,0.9943
2360,0.9949,0.9999,0.0183,0.8582,0.1234,0.0354,0,0.0015,0.9631
2361,0.9017,0.9973,0.0287,0.8269,0.1444,0.1357,0.0001,0.0118,0.8523
2362,0.9162,0.9995,0.0147,0.215,0.7703,0.8217,0.0016,0.0277,0.149
2363,0.9855,0.9997,0.2582,0.3094,0.4324,0.4571,0.0001,0.0203,0.5225
2364,0.9969,1,0.0011,0.9953,0.0036,0.0002,0,0.0001,0.9998
2365,0.9995,1,0.0027,0.1813,0.816,0.8746,0,0.0005,0.1249
2366,0.999,1,0.0064,0.963,0.0306,0.0054,0,0.0002,0.9944
2367,0.9995,0.2112,0.1417,0.8488,0.0094,0.0153,0.1052,0.0804,0.7992
2368,0.9972,1,0.0012,0.9906,0.0081,0.0003,0,0.0001,0.9996
2369,0.9589,0.9999,0.0956,0.3281,0.5763,0.5706,0.0006,0.0118,0.417
2370,0.9905,0.9999,0.0164,0.9205,0.0631,0.015,0.0001,0.0011,0.9838
2371,0.9977,1,0.0066,0.8881,0.1053,0.0487,0,0.0003,0.951
2372,0.9984,1,0.8717,0.0758,0.0525,0.0474,0,0.0071,0.9456
2373,0.9856,1,0.0941,0.1101,0.7957,0.7986,0.0003,0.0045,0.1966
2374,0.9654,1,0.0029,0.9488,0.0484,0.0008,0.0025,0.0001,0.9966
2375,0.9958,0.9999,0.0231,0.9478,0.0291,0.0092,0,0.0008,0.9901
2376,0.9967,1,0.001,0.9865,0.0125,0.0003,0,0,0.9996
2377,0.9934,1,0.0021,0.9901,0.0077,0.0002,0,0,0.9997
2378,0.958,0.995,0.3061,0.3473,0.3467,0.3293,0,0.0068,0.6639
2379,0.9606,0.9982,0.1361,0.7246,0.1393,0.1508,0.0004,0.0265,0.8223
2380,0.9969,1,0.0136,0.888,0.0984,0.014,0,0.0005,0.9855
2381,0.9167,0.955,0.193,0.4235,0.3835,0.4101,0.0025,0.2443,0.3431
2382,0.9855,0.9999,0.0349,0.2051,0.76,0.8549,0.0004,0.0018,0.1429
2383,0.9644,1,0.0001,0.9988,0.0011,0,0,0,1
2384,0.9985,1,0.0029,0.9729,0.0242,0.0006,0,0.0001,0.9993
2385,0.986,1,0.0041,0.8659,0.13,0.0091,0.0053,0.0002,0.9855
2386,0.9714,0.9057,0.0431,0.7407,0.2163,0.1277,0.0062,0.04,0.8261
2387,0.8721,0.9573,0.1015,0.4991,0.3994,0.369,0.0017,0.0283,0.6011
2388,0.9979,1,0.009,0.9735,0.0175,0.0009,0,0.0002,0.9989
2389,0.9088,0.9991,0.1423,0.1268,0.731,0.7336,0.0017,0.0073,0.2575
2390,0.9803,0.9999,0.0196,0.8648,0.1156,0.0472,0.0004,0.0072,0.9453
2391,0.9787,0.9999,0.016,0.9591,0.025,0.0145,0.0002,0.0088,0.9766
2392,0.9562,0.9997,0.0047,0.8849,0.1104,0.0591,0,0.0017,0.9393
2393,0.9963,0.9998,0.0072,0.938,0.0548,0.0193,0,0.0011,0.9795
2394,0.9787,0.9991,0.0048,0.884,0.1112,0.0117,0.0076,0.0014,0.9793
2395,0.9021,0.9551,0.0979,0.1608,0.7413,0.6988,0.001,0.0299,0.2703
2396,0.9622,1,0.3708,0.2412,0.388,0.2015,0.0051,0.0187,0.7747
2397,0.9961,1,0.003,0.9765,0.0205,0.0095,0,0.0002,0.9903
2398,0.9756,0.9998,0.0466,0.1078,0.8456,0.8707,0.0001,0.0086,0.1207
2399,0.8845,0.9988,0.41,0.2755,0.3146,0.417,0.0001,0.1646,0.4184
2400,0.998,1,0.0075,0.9812,0.0113,0.0011,0,0.0016,0.9972
2401,0.9063,0.9998,0.0119,0.9372,0.0509,0.0779,0,0.0042,0.9178
2402,0.9991,0.0955,0.3632,0.6354,0.0013,0.0012,0.3205,0.015,0.6634
2403,0.9995,1,0.0146,0.9438,0.0415,0.0007,0,0.0001,0.9992
2404,0.9969,1,0.0007,0.9924,0.0069,0.0002,0,0,0.9998
2405,0.9896,0.9999,0.0015,0.9618,0.0367,0.005,0,0.0001,0.9948
2406,0.9971,0.6219,0.2107,0.7554,0.0339,0.0377,0.2857,0.0666,0.61
2407,0.9596,1,0.0218,0.0642,0.9141,0.9293,0.0001,0.0013,0.0692
2408,0.9951,0.7402,0.1714,0.6594,0.1693,0.2037,0.1808,0.1398,0.4758
2409,0.9982,0.9998,0.0128,0.9614,0.0259,0.0032,0,0.0004,0.9965
2410,0.8823,0.989,0.2118,0.1685,0.6197,0.6979,0.0388,0.0667,0.1965
2411,0.9919,1,0.0055,0.9467,0.0478,0.0102,0,0.0004,0.9893
2412,0.9962,0.9999,0.006,0.9476,0.0464,0.0116,0.0002,0.0027,0.9855
2413,0.9911,0.5964,0.2661,0.6147,0.1192,0.1497,0.2304,0.1738,0.4461
2414,0.9754,0.9965,0.1203,0.3158,0.564,0.6049,0.0003,0.0433,0.3515
2415,0.9222,0.9998,0.0456,0.0739,0.8805,0.8943,0.0006,0.0029,0.1022
2416,0.7157,0.9112,0.0772,0.1728,0.75,0.797,0.0014,0.0266,0.175
2417,0.9892,0.9998,0.0152,0.8976,0.0872,0.0163,0,0.0017,0.982
2418,0.9528,0.9992,0.0468,0.8933,0.0599,0.1088,0.0001,0.0078,0.8833
2419,0.9987,1,0.0006,0.9932,0.0062,0.0005,0,0.0001,0.9994
2420,0.9542,0.9975,0.0677,0.7274,0.2048,0.2272,0.1156,0.0537,0.6035
2421,0.912,0.9996,0.0308,0.9071,0.0621,0.0876,0.0002,0.0125,0.8997
2422,0.9978,1,0.0053,0.9832,0.0115,0.0009,0,0.0006,0.9986
2423,0.8829,0.9999,0.1544,0.2139,0.6317,0.6872,0.003,0.1531,0.1567
2424,0.9924,0.9995,0.0389,0.843,0.1181,0.0239,0,0.0007,0.9754
2425,0.9892,0.9989,0.5022,0.2815,0.2163,0.346,0.0087,0.049,0.5963
2426,0.9869,0.9786,0.5089,0.3242,0.1669,0.1582,0.0009,0.0322,0.8087
2427,0.9925,0.9592,0.0523,0.7994,0.1482,0.1243,0.032,0.1042,0.7395
2429,0.9525,0.9965,0.0946,0.3782,0.5272,0.5961,0.009,0.0322,0.3628
2430,0.9919,0.9775,0.7111,0.1849,0.104,0.1296,0.0007,0.0232,0.8466
2431,0.9865,1,0.009,0.928,0.063,0.0019,0.0001,0.0002,0.9978
2432,0.9977,1,0.0017,0.9883,0.0099,0.0008,0,0.0001,0.9991
2433,0.9986,0.9998,0.018,0.9577,0.0242,0.0078,0,0.001,0.9912
2434,0.9979,0.9999,0.0106,0.9662,0.0232,0.0032,0,0.0002,0.9966
2435,0.943,0.9997,0.0647,0.7875,0.1478,0.1654,0.0004,0.0316,0.8026
2436,0.9885,0.9715,0.0155,0.7783,0.2062,0.1986,0.0243,0.0511,0.726
2437,0.9383,0.9997,0.024,0.9083,0.0677,0.0612,0.0001,0.0051,0.9336
2438,0.9998,0.5198,0.0251,0.9688,0.0061,0.0144,0.0291,0.7089,0.2475
2439,0.9988,0.9999,0.0226,0.9249,0.0525,0.0072,0,0.0007,0.9922
2440,0.9808,0.9999,0.0056,0.918,0.0764,0.0103,0,0.0007,0.989
2441,0.8299,0.9924,0.0275,0.1298,0.8427,0.8594,0.0005,0.0212,0.119
2442,0.9978,1,0.0008,0.9907,0.0085,0.0007,0,0.0002,0.9991
2443,0.9876,0.9998,0.0461,0.305,0.6489,0.6398,0.0002,0.0121,0.3479
2444,0.9628,0.9604,0.0524,0.5459,0.4017,0.1679,0.0001,0.0089,0.8231
2445,0.9947,0.9999,0.0111,0.9586,0.0303,0.0125,0,0.0034,0.9841
2446,0.9695,1,0.0198,0.9329,0.0473,0.0516,0,0.0042,0.9441
2447,0.993,0.5647,0.3052,0.4565,0.2383,0.2364,0.2222,0.1487,0.3927
2448,0.9644,0.9997,0.0692,0.0698,0.861,0.8648,0.0006,0.0053,0.1292
2449,0.984,0.999,0.0834,0.3508,0.5659,0.5779,0.0002,0.0215,0.4005
2450,0.9838,0.999,0.0072,0.9552,0.0376,0.0144,0,0.001,0.9846
2451,0.9892,0.9994,0.1391,0.4441,0.4168,0.5283,0.0012,0.0346,0.4359
2452,0.9855,0.9999,0.0445,0.7937,0.1619,0.0766,0.004,0.0062,0.9133
2453,0.7154,0.9651,0.164,0.1456,0.6904,0.7714,0.0004,0.0871,0.1411
2454,0.9596,0.9966,0.2454,0.1916,0.5631,0.5617,0.0008,0.0355,0.4019
2455,0.9982,1,0.0003,0.9991,0.0006,0.0001,0,0,0.9999
2456,0.9966,1,0.0012,0.9933,0.0054,0.0003,0,0.0015,0.9982
2457,0.9984,1,0.0094,0.9035,0.0871,0.0222,0,0.001,0.9767
2458,0.9809,0.9976,0.0133,0.8249,0.1617,0.0411,0.0008,0.0012,0.9569
2459,0.9861,0.5351,0.2021,0.7783,0.0196,0.0175,0.2138,0.0779,0.6909
2460,0.97,0.8357,0.0132,0.7315,0.2554,0.1104,0.0195,0.0077,0.8625
2461,0.9976,1,0.0164,0.9616,0.022,0.0011,0,0.0003,0.9986
2462,0.9967,1,0.0115,0.9725,0.016,0.0016,0,0.0008,0.9975
2463,0.9964,0.5568,0.163,0.7721,0.0648,0.0613,0.1573,0.0319,0.7495
2464,0.992,0.7779,0.2463,0.7315,0.0222,0.0293,0.2866,0.0966,0.5876
2465,0.9002,0.9997,0.3785,0.1756,0.446,0.5737,0.0004,0.1465,0.2795
2466,0.9477,0.9696,0.2653,0.2403,0.4943,0.5143,0.0011,0.0164,0.4682
2467,0.77,0.9996,0.1874,0.5794,0.2332,0.2596,0.0035,0.043,0.6939
2468,0.9966,0.9999,0.0021,0.9962,0.0017,0.0001,0,0.0002,0.9997
2469,0.9532,0.994,0.2055,0.3371,0.4573,0.4747,0.0005,0.004,0.5208
2470,0.996,0.9999,0.0153,0.9405,0.0442,0.0141,0,0.0009,0.985
2471,0.9646,0.9927,0.3225,0.1024,0.5751,0.6147,0.0002,0.009,0.376
2472,0.9986,1,0.0102,0.9555,0.0343,0.0014,0,0.0013,0.9973
2473,0.9719,0.9999,0.2261,0.5149,0.259,0.3023,0.0004,0.0783,0.619
2474,0.9869,1,0.0157,0.7638,0.2204,0.0747,0,0.0038,0.9215
2475,0.9937,1,0.0063,0.9509,0.0428,0.0048,0,0.0001,0.9951
2476,0.9955,1,0.0126,0.8191,0.1683,0.1549,0.0079,0.0064,0.8308
2477,0.9949,1,0.1285,0.1614,0.7101,0.6117,0.0003,0.0036,0.3844
2478,0.9808,0.9996,0.0047,0.9859,0.0094,0.001,0,0.0001,0.9989
2479,0.91,0.9997,0.0333,0.8384,0.1283,0.1439,0.0001,0.0075,0.8485
2480,0.9914,0.9999,0.1516,0.2845,0.5639,0.5587,0.0001,0.0048,0.4364
2481,0.991,1,0.073,0.3259,0.6011,0.6842,0.0127,0.0126,0.2905
2482,0.9941,0.5358,0.1332,0.8529,0.0139,0.0139,0.1025,0.0198,0.8638
2483,0.9953,0.9999,0.0168,0.9118,0.0714,0.0149,0,0.0004,0.9847
2484,0.9988,1,0.0205,0.9634,0.0161,0.0012,0,0.0004,0.9985
2485,0.9977,0.7485,0.2147,0.7471,0.0382,0.044,0.2443,0.1506,0.5611
2486,0.9788,0.8058,0.0334,0.699,0.2676,0.2306,0.0294,0.0502,0.6898
2487,0.9217,0.8936,0.0412,0.781,0.1778,0.1103,0.0073,0.0224,0.8599
2488,0.9971,1,0.0006,0.9954,0.0039,0.0001,0,0.0001,0.9998
2489,0.9979,1,0.0051,0.9788,0.0161,0.0022,0,0.0002,0.9977
2490,0.9941,0.9999,0.0633,0.8135,0.1233,0.021,0,0.0015,0.9775
2491,0.8535,0.9999,0.2846,0.3202,0.3952,0.4684,0.0011,0.0104,0.5201
2492,0.9421,1,0.0286,0.35,0.6214,0.56,0.0029,0.0057,0.4314
2493,0.9771,1,0.2328,0.2563,0.5109,0.4994,0,0.011,0.4895
2494,0.9588,0.9989,0.0505,0.7521,0.1974,0.3228,0.0011,0.006,0.6701
2495,0.9764,0.9999,0.0011,0.9974,0.0014,0.0005,0,0,0.9995
2496,0.9938,0.9012,0.0529,0.8895,0.0576,0.0462,0.0218,0.089,0.8431
2497,0.9921,0.9991,0.2043,0.3336,0.4621,0.4965,0,0.0141,0.4894
2498,0.9981,0.9999,0.0007,0.9956,0.0037,0.0002,0,0,0.9998
2499,0.9531,0.8955,0.0216,0.9359,0.0425,0.0235,0.0147,0.0221,0.9397
2500,0.9964,1,0.0293,0.9441,0.0266,0.0034,0,0.0002,0.9964
2501,0.9973,1,0.0047,0.9878,0.0075,0.0016,0,0.0003,0.9981
2502,0.9605,0.9999,0.0773,0.7878,0.1349,0.0908,0.0001,0.0091,0.9001
2503,0.7916,0.9829,0.601,0.2684,0.1306,0.2564,0.0004,0.5164,0.2268
2504,0.9909,0.9998,0.0053,0.9153,0.0794,0.0163,0,0.0002,0.9834
2505,0.9996,1,0.0011,0.987,0.0119,0.0008,0,0.0001,0.9991
2506,0.9632,0.9047,0.031,0.6923,0.2767,0.2187,0.0188,0.0365,0.726
2507,0.5938,0.9877,0.4139,0.2144,0.3717,0.5328,0.0002,0.1981,0.2689
2508,0.9585,0.9993,0.2022,0.5784,0.2194,0.3109,0.0031,0.0249,0.661
2509,0.9709,1,0.0089,0.9284,0.0628,0.0779,0,0.0029,0.9192
2510,0.9954,0.9999,0.5099,0.2706,0.2195,0.1489,0.0002,0.0099,0.841
2511,0.9927,0.9999,0.0157,0.9551,0.0292,0.0094,0,0.0015,0.9891
2512,0.9886,1,0.0132,0.9412,0.0455,0.0023,0,0.0003,0.9974
2513,0.9901,1,0.0049,0.9271,0.068,0.0092,0,0.0003,0.9904
2514,0.7905,0.9923,0.4703,0.2429,0.2868,0.4128,0.0003,0.3378,0.2492
2515,0.9973,1,0.0518,0.3425,0.6058,0.636,0.0002,0.0049,0.3589
2516,0.9759,1,0.1613,0.1911,0.6476,0.7058,0.0478,0.0071,0.2393
2517,0.9971,1,0.013,0.9443,0.0427,0.0075,0,0.0007,0.9918
2518,0.9499,1,0.0902,0.1466,0.7631,0.593,0.001,0.0117,0.3944
2519,0.9906,1,0.1387,0.0962,0.7652,0.7431,0.0001,0.0021,0.2547
2520,0.9834,0.9999,0.0206,0.9339,0.0455,0.035,0.0001,0.0151,0.9498
2521,0.9896,0.9986,0.0031,0.7843,0.2125,0.0682,0,0.0014,0.9304
2522,0.9624,0.9074,0.0135,0.7637,0.2228,0.0549,0.0133,0.0099,0.9218
2523,0.9936,0.9998,0.0116,0.9408,0.0476,0.028,0.0005,0.002,0.9695
2524,0.9984,1,0.268,0.0937,0.6383,0.6021,0,0.0009,0.397
2525,0.9986,1,0.0202,0.9623,0.0176,0.0014,0,0.0003,0.9983
2526,0.9968,0.9998,0.0067,0.9639,0.0294,0.0093,0,0.0003,0.9904
2527,0.9933,0.9678,0.6633,0.175,0.1617,0.1004,0,0.0048,0.8947
2528,0.9901,1,0.2577,0.2789,0.4634,0.473,0.0001,0.0077,0.5193
2529,0.9969,0.9979,0.5103,0.3469,0.1428,0.1025,0.0001,0.007,0.8904
2530,0.9834,1,0.008,0.9259,0.0661,0.0013,0.0001,0.0001,0.9985
2531,0.9424,0.9987,0.1043,0.1606,0.7351,0.7311,0.0233,0.0173,0.2283
2532,0.9987,1,0.0014,0.9847,0.014,0.0023,0,0.0001,0.9976
2533,0.9986,1,0.0012,0.9862,0.0126,0.0012,0,0.0001,0.9987
2534,0.8578,0.9824,0.3046,0.3101,0.3852,0.4912,0.0003,0.274,0.2345
2535,0.9898,1,0.0121,0.8608,0.1271,0.0108,0,0.0003,0.9889
2536,0.9912,0.9999,0.0065,0.965,0.0285,0.0033,0.0001,0.0004,0.9962
2537,0.994,0.9468,0.0422,0.7095,0.2483,0.2271,0.0226,0.1224,0.628
2538,0.9485,0.9993,0.038,0.1028,0.8592,0.8879,0.0008,0.0149,0.0964
2539,0.9649,0.9209,0.0406,0.8883,0.0711,0.0379,0.0278,0.039,0.8952
2540,0.9863,0.9999,0.0155,0.9368,0.0477,0.0189,0,0.0019,0.9792
2541,0.9974,1,0.0004,0.998,0.0017,0,0,0,0.9999
2542,0.9961,0.9999,0.0059,0.9642,0.0298,0.009,0.0008,0.0007,0.9895
2543,0.9874,0.9981,0.0066,0.7532,0.2402,0.0802,0,0.0021,0.9177
2544,0.9976,0.8961,0.0053,0.9477,0.047,0.045,0.0069,0.0281,0.92
2545,0.8711,0.9759,0.2129,0.2367,0.5505,0.5828,0.0078,0.0661,0.3433
2546,0.9764,1,0.0045,0.8877,0.1077,0.0008,0.0031,0.0002,0.9959
2547,0.9941,0.9999,0.0082,0.9444,0.0474,0.0058,0,0.0002,0.994
2548,0.9952,1,0.0032,0.9736,0.0232,0.0043,0,0.0005,0.9952
2549,0.9918,0.5358,0.074,0.8919,0.0341,0.0349,0.0649,0.1518,0.7484
2550,0.7983,0.9942,0.1098,0.1124,0.7778,0.8532,0,0.0285,0.1183
2551,0.9945,0.8068,0.2175,0.7362,0.0463,0.0533,0.2948,0.0584,0.5936
2552,0.987,1,0.0291,0.1571,0.8137,0.8718,0.0007,0.0058,0.1217
2553,0.9965,0.9999,0.0198,0.941,0.0391,0.0121,0,0.0029,0.985
2554,0.982,0.9993,0.0131,0.9119,0.075,0.0189,0,0.0017,0.9794
2555,0.9782,0.9997,0.0542,0.0778,0.868,0.8886,0.0001,0.0044,0.1069
2556,0.9343,0.9393,0.0105,0.1812,0.8083,0.764,0,0.0082,0.2278
2557,0.9408,0.9991,0.0915,0.3481,0.5604,0.6434,0.04,0.0083,0.3083
2558,0.6825,0.8315,0.3484,0.4169,0.2347,0.2798,0.008,0.1543,0.5579
2559,0.9671,0.9819,0.1902,0.1153,0.6946,0.7208,0.0001,0.0103,0.2688
2560,0.9612,0.9997,0.032,0.3371,0.6309,0.7303,0.0029,0.0113,0.2555
2561,0.8744,0.9815,0.0694,0.1015,0.8291,0.8369,0.0008,0.0088,0.1535
2562,0.9854,0.3201,0.1806,0.7944,0.025,0.0219,0.2087,0.043,0.7263
2563,0.9835,0.9999,0.0251,0.9029,0.072,0.0676,0.0002,0.0096,0.9227
2564,0.9978,1,0.0088,0.9769,0.0143,0.0042,0,0.0008,0.995
2565,0.7261,0.9641,0.1316,0.1382,0.7302,0.8458,0.0002,0.0968,0.0573
2566,0.9889,0.9998,0.594,0.2267,0.1794,0.245,0.0011,0.0618,0.6921
2567,0.9927,0.9999,0.0206,0.9469,0.0326,0.0041,0,0.0006,0.9953
2568,0.9974,0.9999,0.0039,0.9779,0.0181,0.0017,0,0.0001,0.9982
2569,0.9791,0.9999,0.0828,0.1071,0.81,0.8589,0.0025,0.0138,0.1248
2570,0.9979,1,0.0014,0.9895,0.0091,0.0001,0,0,0.9998
2571,0.9957,1,0.0026,0.9785,0.0189,0.0017,0,0.0002,0.9981
2572,0.9748,0.9145,0.0103,0.9241,0.0656,0.0332,0.0077,0.0499,0.9093
2573,0.9322,0.9998,0.0252,0.9184,0.0564,0.0658,0.0001,0.0084,0.9257
2574,0.537,0.9822,0.0687,0.1585,0.7728,0.8382,0.0004,0.0623,0.0991
2575,0.9713,0.9999,0.0054,0.9854,0.0091,0.0101,0,0.0008,0.9891
2576,0.9625,0.9974,0.0342,0.8121,0.1537,0.3392,0.0022,0.028,0.6305
2577,0.752,0.9823,0.0713,0.2731,0.6557,0.8023,0.0006,0.0743,0.1228
2578,0.9585,0.9998,0.0068,0.8821,0.1111,0.0129,0,0.0011,0.9859
2579,0.8342,0.9939,0.3556,0.3028,0.3416,0.5429,0.0002,0.2652,0.1917
2580,0.9851,0.9999,0.0112,0.9199,0.0689,0.0356,0,0.006,0.9584
2581,0.9983,1,0.0257,0.9183,0.056,0.0022,0,0.0003,0.9974
2582,0.9972,1,0.0087,0.98,0.0114,0.0009,0,0.001,0.998
2583,0.9472,0.8613,0.0324,0.6592,0.3084,0.2711,0.0171,0.0337,0.6781
2584,0.9963,0.1184,0.1191,0.8761,0.0048,0.0036,0.1098,0.0847,0.8019
2585,0.995,1,0.0151,0.9319,0.053,0.004,0,0.0002,0.9958
2586,0.997,1,0.006,0.974,0.0199,0.001,0.0001,0.0003,0.9986
2587,0.99,0.9999,0.0031,0.9667,0.0301,0.0064,0,0.0004,0.9932
2588,0.9968,1,0.0354,0.9137,0.0509,0.0212,0,0.0006,0.9782
2589,0.9469,0.9986,0.2879,0.117,0.5951,0.6274,0.002,0.032,0.3386
2590,0.9319,0.9991,0.1276,0.1212,0.7512,0.7583,0.0003,0.0138,0.2277
2591,0.9994,1,0.0002,0.9967,0.0031,0.0001,0,0,0.9998
2592,0.9968,0.6999,0.1116,0.8518,0.0367,0.0561,0.1875,0.0759,0.6804
2593,0.9322,0.9999,0.3791,0.4377,0.1831,0.3506,0.0418,0.1396,0.468
2594,0.8963,0.9943,0.2499,0.6639,0.0862,0.0846,0.0003,0.0407,0.8744
2595,0.993,0.9998,0.0069,0.9016,0.0915,0.0065,0.0003,0.0002,0.993
2596,0.9945,0.9999,0.0143,0.8027,0.1831,0.0711,0,0.0036,0.9253
2597,0.9907,0.2662,0.2285,0.565,0.2064,0.2331,0.2295,0.0899,0.4475
2598,0.9313,0.9918,0.2242,0.1829,0.5929,0.629,0.1347,0.0198,0.2165
2599,0.9573,0.9634,0.0483,0.5406,0.4111,0.1712,0,0.0089,0.8198
2600,0.9944,0.359,0.1625,0.8043,0.0332,0.0434,0.1313,0.1075,0.7178
2601,0.9508,0.9999,0.0074,0.9733,0.0193,0.0105,0,0.0022,0.9874
2602,0.9899,1,0.0018,0.9225,0.0757,0.0084,0,0.0001,0.9915
2603,0.9996,0.585,0.0681,0.8803,0.0516,0.0714,0.0675,0.0416,0.8195
2604,0.9138,0.9999,0.2078,0.2442,0.548,0.5114,0.0019,0.0059,0.4808
2605,0.9964,0.9995,0.1237,0.2939,0.5824,0.5662,0,0.0063,0.4274
2606,0.9916,1,0.0105,0.9358,0.0537,0.0146,0,0.0007,0.9847
2607,0.9976,0.0953,0.1404,0.6643,0.1953,0.2443,0.1245,0.1304,0.5009
2608,0.9812,0.8593,0.0323,0.6212,0.3465,0.2941,0.0288,0.0413,0.6358
2609,0.9964,0.9999,0.0078,0.9674,0.0248,0.0022,0,0.0004,0.9974
2610,0.9041,0.9996,0.4215,0.1425,0.436,0.4727,0.0003,0.0094,0.5175
2611,0.975,0.9649,0.0114,0.9436,0.045,0.0178,0.0097,0.0348,0.9376
2612,0.9921,1,0.0018,0.9306,0.0676,0.0803,0.0008,0.003,0.916
2613,0.9485,0.9244,0.0561,0.6814,0.2625,0.2003,0.0145,0.0367,0.7486
2614,0.9107,0.9714,0.0544,0.1901,0.7555,0.6957,0.0009,0.0104,0.293
2615,0.9969,1,0.0016,0.9936,0.0048,0.0004,0,0.0001,0.9995
2616,0.9865,1,0.001,0.9949,0.0041,0.0003,0,0.0001,0.9996
2617,0.9838,0.9854,0.3908,0.3329,0.2763,0.2546,0.0009,0.0105,0.7341
2618,0.9657,0.9999,0.0182,0.8511,0.1307,0.0988,0,0.0023,0.8989
2619,0.9981,0.9999,0.1854,0.3854,0.4292,0.4511,0.0002,0.025,0.5237
2620,0.8295,0.9997,0.2324,0.3837,0.3838,0.5029,0,0.1793,0.3178
2621,0.9734,1,0.0123,0.948,0.0397,0.0364,0.0011,0.0013,0.9612
2622,0.9545,0.9995,0.0504,0.7688,0.1808,0.1436,0.0001,0.0101,0.8462
2623,0.981,1,0.0356,0.8208,0.1436,0.1344,0,0.0086,0.857
2624,0.9651,0.9997,0.0008,0.9455,0.0537,0.0008,0.0016,0.0001,0.9975
2625,0.8183,0.9838,0.147,0.1923,0.6607,0.8144,0.0002,0.0532,0.1322
2626,0.9954,1,0.0112,0.9342,0.0546,0.0014,0,0.0002,0.9984
2627,0.987,1,0.018,0.7828,0.1992,0.0097,0,0.0001,0.9902
2628,0.994,0.9997,0.0108,0.9583,0.0308,0.0111,0.0006,0.0012,0.9871
2629,0.8413,0.9837,0.4467,0.3087,0.2446,0.3776,0.001,0.3495,0.2719
2630,0.9978,1,0.001,0.994,0.005,0.0009,0,0.0002,0.9989
2631,0.9911,0.9999,0.0085,0.8949,0.0966,0.0757,0.0025,0.0017,0.9201
2632,0.8474,0.9804,0.11,0.2049,0.6851,0.6791,0.0014,0.0277,0.2917
2633,0.9977,1,0.0008,0.9962,0.0031,0.0002,0,0,0.9997
2634,0.9961,1,0.0027,0.9879,0.0094,0.0002,0,0.0001,0.9997
2635,0.9919,0.9985,0.0129,0.9253,0.0618,0.0255,0,0.0012,0.9733
2636,0.9978,0.9998,0.0181,0.8972,0.0847,0.0239,0,0.0006,0.9755
2637,0.9587,0.8838,0.0099,0.8489,0.1412,0.0221,0.0211,0.0084,0.9484
2638,0.9946,1,0.022,0.8427,0.1354,0.0663,0,0.001,0.9328
2639,0.999,1,0.0066,0.9767,0.0167,0.0005,0,0.0002,0.9993
2640,0.9983,1,0.1469,0.1596,0.6935,0.5912,0,0.0042,0.4046
2641,0.9912,0.9979,0.5376,0.2668,0.1956,0.3016,0.0031,0.1779,0.5175
2642,0.9903,0.9998,0.0465,0.6296,0.3239,0.4134,0.0019,0.0116,0.5731
2643,0.9893,0.9999,0.0101,0.9403,0.0496,0.0341,0,0.0013,0.9647
2644,0.9935,1,0.0171,0.8345,0.1485,0.102,0,0.0007,0.8973
2645,0.9809,0.9999,0.0169,0.8842,0.0989,0.0475,0,0.0027,0.9498
2646,0.9957,0.9999,0.0097,0.9575,0.0328,0.0116,0,0.0015,0.9869
2647,0.9394,0.9998,0.1296,0.2419,0.6285,0.7148,0.0109,0.0206,0.2538
2648,0.9721,0.9996,0.1267,0.5296,0.3437,0.3855,0.0199,0.0285,0.5661
2649,0.9988,1,0.2321,0.2961,0.4718,0.5947,0.0001,0.0014,0.4038
2650,0.9971,0.8501,0.2306,0.7448,0.0246,0.0269,0.1553,0.1392,0.6786
2651,0.9941,1,0.013,0.9625,0.0245,0.0032,0,0.0002,0.9966
2652,0.9884,0.9999,0.0205,0.4597,0.5198,0.2082,0.0001,0.0025,0.7892
2653,0.9941,0.9998,0.005,0.9621,0.0329,0.0221,0.0004,0.0016,0.9759
2654,0.9612,0.998,0.0031,0.9047,0.0922,0.0461,0.0001,0.0028,0.951
2655,0.999,1,0.0038,0.9292,0.0669,0.0084,0,0.0001,0.9915
2656,0.9971,0.9999,0.0065,0.9532,0.0403,0.0059,0.0002,0.0004,0.9936
2657,0.9799,0.9999,0.007,0.9562,0.0368,0.0101,0,0.0012,0.9888
2658,0.9993,0.6317,0.1249,0.8213,0.0539,0.0598,0.081,0.0186,0.8405
2659,0.8237,0.9995,0.2624,0.1995,0.5381,0.577,0.0009,0.0176,0.4044
2660,0.974,0.994,0.1648,0.3847,0.4506,0.5228,0.0004,0.0512,0.4257
2661,0.9779,0.9996,0.046,0.0727,0.8813,0.8887,0.0003,0.0038,0.1072
2662,0.9977,1,0.0092,0.9858,0.0051,0.0003,0,0.0001,0.9996
2663,0.9822,1,0.0617,0.0795,0.8587,0.8561,0.0003,0.0087,0.1349
2664,0.9924,1,0.0134,0.9364,0.0502,0.02,0,0.0048,0.9753
2665,0.7992,0.9967,0.0123,0.1212,0.8664,0.803,0.0003,0.0092,0.1875
2666,0.9183,0.9988,0.0966,0.0834,0.8201,0.8641,0.0191,0.0101,0.1067
2667,0.9862,0.9999,0.2089,0.276,0.5151,0.5153,0,0.0024,0.4822
2668,0.986,0.9999,0.0022,0.9918,0.006,0.0004,0,0,0.9996
2669,0.9985,1,0.0468,0.1974,0.7557,0.7552,0,0.0056,0.2392
2670,0.9986,1,0.021,0.7518,0.2272,0.0973,0,0.001,0.9017
2671,0.9992,1,0.0015,0.9765,0.022,0.0008,0,0.0009,0.9983
2672,0.9951,0.9998,0.234,0.3949,0.3711,0.3459,0,0.0131,0.641
2673,0.997,1,0.0132,0.9561,0.0306,0.0036,0,0.0008,0.9956
2674,0.9513,0.9547,0.0112,0.7306,0.2582,0.0448,0.0079,0.0115,0.9359
2675,0.9921,0.9999,0.0121,0.8541,0.1338,0.0399,0,0.0015,0.9586
2676,0.9974,1,0.0059,0.9058,0.0883,0.0229,0,0.0003,0.9768
2677,0.9946,0.683,0.2458,0.708,0.0462,0.0588,0.3711,0.0532,0.5169
2678,0.9474,0.9095,0.3426,0.2417,0.4157,0.485,0.0063,0.1856,0.3231
2679,0.9547,0.9999,0.0232,0.8556,0.1213,0.1188,0,0.0073,0.8738
2680,0.9915,0.9993,0.0599,0.2815,0.6586,0.7138,0.0006,0.011,0.2747
2681,0.9866,0.9936,0.3238,0.2539,0.4223,0.4052,0.0005,0.0197,0.5746
2682,0.799,0.9998,0.0248,0.8102,0.165,0.1359,0.0128,0.0152,0.8361
2683,0.9803,0.9992,0.0557,0.6516,0.2926,0.3383,0.179,0.0348,0.4479
2684,0.9293,0.9997,0.1183,0.1246,0.7571,0.6735,0.0017,0.0093,0.3155
2685,0.9983,1,0.0027,0.9744,0.0229,0.0034,0,0.0006,0.996
2686,0.9624,0.9997,0.1966,0.1662,0.6372,0.7035,0.005,0.0053,0.2863
2687,0.9735,0.9999,0.0357,0.0626,0.9017,0.8504,0.0001,0.0079,0.1417
2688,0.9926,1,0.105,0.0763,0.8187,0.7797,0.0001,0.0017,0.2185
2689,0.9834,0.9999,0.0691,0.7182,0.2127,0.1114,0,0.0082,0.8804
2690,0.9983,0.0264,0.1591,0.804,0.0369,0.0456,0.1111,0.22,0.6233
2691,0.9953,1,0.0034,0.9508,0.0458,0.017,0,0.0005,0.9825
2692,0.9941,0.9998,0.0161,0.8962,0.0877,0.0442,0,0.002,0.9537
2693,0.9898,0.9324,0.0453,0.902,0.0528,0.0309,0.0154,0.0409,0.9128
2694,0.9944,1,0.0084,0.9238,0.0677,0.004,0,0.0001,0.9959
2695,0.9626,0.967,0.0303,0.1279,0.8418,0.6913,0,0.0009,0.3078
2696,0.9978,1,0.0006,0.9945,0.0049,0.0001,0,0.0001,0.9998
2697,0.7119,0.9802,0.2832,0.1822,0.5346,0.683,0.0001,0.1354,0.1815
2698,0.944,0.9999,0.0742,0.3347,0.5911,0.5846,0.0016,0.0075,0.4063
2699,0.8097,0.9978,0.3268,0.2801,0.3931,0.492,0.0008,0.1371,0.3701
2700,0.9825,0.9993,0.1509,0.4626,0.3864,0.5037,0.0001,0.0583,0.4379
2701,0.9959,0.9999,0.0113,0.9286,0.0601,0.0143,0,0.0021,0.9836
2702,0.9899,1,0.0133,0.9224,0.0644,0.0416,0.0001,0.004,0.9544
2704,0.9606,0.8704,0.0276,0.8151,0.1573,0.0885,0.0093,0.0295,0.8727
2705,0.9989,0.0119,0.0925,0.874,0.0335,0.0411,0.0576,0.1112,0.79
2706,0.9895,0.9767,0.008,0.9486,0.0434,0.0175,0.0133,0.1443,0.8248
2707,0.9662,0.8912,0.032,0.8266,0.1414,0.0976,0.0114,0.0365,0.8546
2708,0.9926,1,0.0637,0.4631,0.4733,0.5075,0.0003,0.0169,0.4753
2709,0.9946,0.9996,0.0019,0.9684,0.0297,0.0089,0.0019,0.0006,0.9886
2710,0.9967,0.9999,0.0709,0.8142,0.1148,0.031,0,0.0014,0.9677
2711,0.9932,1,0.0109,0.8322,0.1569,0.0093,0.0001,0.0004,0.9902
2712,0.9997,0.461,0.1216,0.858,0.0204,0.0334,0.0602,0.0405,0.8658
2713,0.9853,0.9998,0.0285,0.8602,0.1114,0.0499,0,0.0041,0.946
2714,0.9775,0.9993,0.1149,0.3834,0.5016,0.5576,0.0001,0.0176,0.4247
2715,0.9959,1,0.0083,0.9711,0.0206,0.0017,0,0.0003,0.998
2716,0.9988,1,0.0026,0.9691,0.0283,0.002,0,0.0002,0.9977
2717,0.946,1,0.0924,0.124,0.7836,0.8492,0.0008,0.0074,0.1426
2718,0.9917,0.5178,0.1911,0.7571,0.0517,0.0422,0.2029,0.0624,0.6925
2719,0.9787,1,0.0184,0.9433,0.0383,0.0038,0,0.0006,0.9956
2720,0.9955,0.9999,0.0019,0.9813,0.0169,0.0004,0,0.0001,0.9994
2721,0.9822,0.9994,0.0141,0.8086,0.1773,0.075,0.0014,0.0014,0.9222
2722,0.9857,0.9999,0.0289,0.9476,0.0235,0.0047,0,0.0006,0.9948
2723,0.9676,0.9999,0.1416,0.5511,0.3073,0.3125,0.0035,0.0089,0.675
2724,0.7042,0.9732,0.3237,0.171,0.5052,0.6845,0.0003,0.212,0.1032
2725,0.7263,0.9789,0.1934,0.2416,0.565,0.6842,0.001,0.0895,0.2253
2726,0.985,0.9993,0.02,0.8602,0.1198,0.0158,0.0095,0.004,0.9706
2727,0.9875,0.9999,0.0175,0.9349,0.0476,0.0054,0,0.0004,0.9943
2729,0.9862,0.9998,0.0047,0.919,0.0762,0.0233,0,0.0007,0.976
2730,0.9769,0.9993,0.3372,0.2285,0.4343,0.4064,0.0008,0.039,0.5539
2731,0.9781,1,0.0069,0.9133,0.0798,0.0178,0.0068,0.0012,0.9742
2732,0.9922,0.9962,0.2561,0.5535,0.1904,0.1737,0.0026,0.0136,0.8101
2733,0.9965,0.4803,0.3472,0.5788,0.074,0.095,0.3095,0.1411,0.4544
2734,0.9961,1,0.0306,0.8969,0.0725,0.0117,0,0.0008,0.9875
2735,0.9989,1,0.0002,0.9975,0.0022,0.0002,0,0,0.9998
2736,0.9956,1,0.0019,0.9677,0.0304,0.0003,0,0,0.9997
2737,0.9895,1,0.0121,0.4919,0.496,0.0196,0,0.0001,0.9802
2738,0.9825,0.9395,0.0079,0.9219,0.0702,0.0351,0.0072,0.0414,0.9163
2739,0.9945,1,0.0075,0.963,0.0295,0.0044,0,0.0012,0.9944
2740,0.9892,0.9971,0.022,0.5556,0.4224,0.2294,0,0.0072,0.7634
2741,0.9647,1,0.0007,0.925,0.0743,0.001,0.0105,0.0002,0.9883
2742,0.9884,0.9921,0.01,0.9032,0.0868,0.0423,0.004,0.0411,0.9126
2743,0.9727,0.9004,0.0534,0.6121,0.3345,0.2137,0.0322,0.0545,0.6995
2744,0.9495,0.9999,0.0401,0.0619,0.898,0.9507,0,0.0044,0.0449
2745,0.9877,0.9986,0.0125,0.9278,0.0597,0.0316,0,0.0045,0.9639
2746,0.9347,0.9947,0.013,0.0694,0.9176,0.9236,0.0016,0.0056,0.0692
2747,0.9498,0.9998,0.0368,0.8908,0.0723,0.0612,0.0006,0.0148,0.9233
2748,0.8803,0.9979,0.0993,0.7302,0.1705,0.2215,0.0034,0.0732,0.7018
2749,0.9974,0.566,0.1457,0.8297,0.0246,0.0144,0.2101,0.0306,0.7449
2750,0.9899,0.9999,0.3499,0.1481,0.502,0.4713,0.0002,0.0108,0.5178
2751,0.9737,1,0.0138,0.9602,0.026,0.0101,0.0001,0.0047,0.9851
2752,0.9977,1,0.0026,0.9874,0.0101,0.0009,0,0.0004,0.9987
2753,0.9942,1,0.001,0.9822,0.0168,0.0004,0,0,0.9996
2754,0.9937,1,0.0059,0.8615,0.1327,0.0119,0,0.0002,0.9879
2755,0.8249,0.9991,0.1148,0.2349,0.6503,0.667,0.0005,0.0238,0.3086
2756,0.9953,1,0.0073,0.9559,0.0369,0.0129,0,0.0005,0.9866
2757,0.9977,1,0.004,0.9653,0.0307,0.026,0,0.0004,0.9737
2758,0.9867,0.9999,0.0099,0.8774,0.1126,0.0321,0,0.0018,0.9661
2759,0.9954,0.9987,0.0178,0.9134,0.0689,0.0177,0.0001,0.014,0.9682
2760,0.9968,0.5695,0.2699,0.6155,0.1147,0.1527,0.2759,0.0882,0.4833
2762,0.9934,0.1212,0.0608,0.7349,0.2043,0.2804,0.0388,0.3655,0.3154
2763,0.9963,1,0.0002,0.9759,0.0239,0.0001,0,0,0.9999
2764,0.9177,0.9991,0.0444,0.3127,0.6429,0.7303,0.0039,0.0146,0.2512
2765,0.9616,0.9981,0.246,0.305,0.449,0.4641,0.002,0.0238,0.5101
2766,0.9014,0.9957,0.1055,0.269,0.6255,0.6545,0.0188,0.0142,0.3125
2767,0.9231,0.9995,0.0314,0.8446,0.1241,0.1688,0.0002,0.0168,0.8142
2768,0.994,1,0.2073,0.0895,0.7032,0.6839,0.0001,0.0024,0.3135
2769,0.9944,1,0.0021,0.9579,0.04,0.0004,0,0,0.9995
2770,0.9972,0.6768,0.0821,0.8675,0.0504,0.0525,0.0659,0.0871,0.7944
2771,0.9777,0.9999,0.0047,0.9613,0.034,0.0032,0.0012,0.0005,0.9951
2772,0.8555,0.9986,0.0317,0.3295,0.6387,0.8513,0.0003,0.0378,0.1106
2773,0.9458,0.9988,0.0095,0.152,0.8385,0.9244,0.0002,0.0101,0.0654
2774,0.9909,0.9999,0.0043,0.9321,0.0636,0.0237,0,0.0011,0.9752
2775,0.9925,0.9999,0.0149,0.9729,0.0122,0.0005,0,0.0001,0.9993
2776,0.978,0.9643,0.0107,0.849,0.1403,0.0394,0.0098,0.0258,0.9251
2777,0.9993,1,0.043,0.4939,0.4631,0.6492,0.0001,0.0005,0.3502
2778,0.9952,0.9998,0.0113,0.9128,0.0759,0.0171,0,0.0045,0.9785
2779,0.8912,0.9999,0.0446,0.8254,0.13,0.1406,0.0003,0.0165,0.8427
2780,0.9749,0.9992,0.093,0.137,0.7701,0.6788,0.0005,0.0071,0.3136
2781,0.9971,0.9995,0.0034,0.9437,0.053,0.0105,0.0005,0.0007,0.9883
2782,0.9572,0.999,0.2782,0.4314,0.2904,0.3831,0.0009,0.009,0.6071
2783,0.9934,0.9999,0.0164,0.8465,0.1371,0.0402,0,0.0031,0.9567
2784,0.9973,1,0.0149,0.9433,0.0418,0.0108,0,0.001,0.9882
2785,0.9985,0.9999,0.0022,0.9842,0.0136,0.0007,0,0.0002,0.9991
2786,0.9541,0.9937,0.1217,0.1377,0.7405,0.8011,0.0039,0.0305,0.1645
2787,0.9595,0.9362,0.0101,0.8787,0.1112,0.0245,0.0142,0.0345,0.9269
2788,0.9872,0.9997,0.0224,0.8422,0.1355,0.0843,0,0.0029,0.9128
2789,0.9464,0.9509,0.0041,0.885,0.1109,0.0226,0.0015,0.0025,0.9734
2790,0.9966,1,0.0136,0.9069,0.0795,0.0085,0,0.0002,0.9913
2791,0.9132,0.9994,0.0062,0.9582,0.0355,0.0665,0,0.003,0.9304
2792,0.9981,1,0.0009,0.9864,0.0126,0.0003,0,0.0001,0.9996
2793,0.9978,1,0.0001,0.9988,0.0011,0.0001,0,0.0001,0.9999
2794,0.9986,1,0.0017,0.9945,0.0038,0.0002,0,0.0004,0.9994
2795,0.9957,0.0602,0.2281,0.6965,0.0754,0.0829,0.2427,0.1223,0.5522
2796,0.9983,1,0.0271,0.8362,0.1367,0.0283,0,0.0006,0.9711
2797,0.9509,0.9992,0.0134,0.9616,0.025,0.0572,0.0002,0.0038,0.9388
2798,0.972,0.9863,0.2605,0.2996,0.4399,0.4688,0.0048,0.0135,0.5128
2799,0.8546,0.9716,0.2017,0.066,0.7323,0.7794,0.0066,0.0245,0.1894
2800,0.9951,1,0.0002,0.9457,0.0541,0.005,0,0,0.9949
2801,0.991,0.9998,0.0087,0.9666,0.0247,0.0048,0.0001,0.0004,0.9947
2802,0.9949,0.9843,0.0157,0.8841,0.1002,0.0555,0.0087,0.0818,0.854
2803,0.836,0.9925,0.5166,0.2417,0.2418,0.3603,0.0017,0.3277,0.3103
2805,0.9814,1,0.014,0.9567,0.0292,0.0158,0.0001,0.0065,0.9776
2806,0.9971,0.9997,0.0158,0.7606,0.2236,0.1118,0,0.0014,0.8868
2807,0.9922,0.9999,0.0137,0.94,0.0463,0.007,0,0.0014,0.9916
2808,0.9983,1,0.0101,0.9698,0.0201,0.0014,0,0.0001,0.9985
2809,0.9931,0.9999,0.0097,0.9675,0.0228,0.0004,0,0.0001,0.9995
2810,0.9853,0.8709,0.0053,0.9683,0.0264,0.0102,0.0085,0.0128,0.9686
2811,0.9877,0.4925,0.1394,0.8539,0.0067,0.0078,0.1484,0.1397,0.7041
2812,0.9756,0.9998,0.0934,0.0734,0.8331,0.8803,0.0013,0.0065,0.1119
2813,0.9923,0.984,0.6052,0.2605,0.1343,0.0659,0.0001,0.0034,0.9306
2814,0.9449,0.8666,0.0219,0.8832,0.0948,0.0727,0.0135,0.0121,0.9018
2815,0.9792,0.8619,0.0244,0.7043,0.2713,0.2352,0.0242,0.0421,0.6985
2816,0.9898,1,0.0138,0.9572,0.0289,0.0024,0,0.0004,0.9972
2817,0.9986,1,0.0008,0.9722,0.027,0.0002,0,0.0001,0.9997
2818,0.9077,0.8983,0.0171,0.8795,0.1034,0.0493,0.0184,0.0157,0.9166
2819,0.9959,0.9999,0.0103,0.9841,0.0056,0.0002,0,0.0001,0.9997
2820,0.9997,1,0.0081,0.8798,0.112,0.0297,0,0.0003,0.9701
2821,0.9957,1,0.0011,0.9954,0.0034,0.0001,0,0,0.9998
2822,0.9275,0.9037,0.0175,0.82,0.1625,0.1362,0.0155,0.012,0.8363
2823,0.9947,0.4344,0.2943,0.676,0.0297,0.0281,0.3174,0.0347,0.6197
2824,0.9898,0.9999,0.0102,0.813,0.1769,0.0373,0,0.0006,0.9621
2825,0.7598,0.9949,0.1217,0.0842,0.7942,0.832,0.0064,0.0167,0.1449
2826,0.9233,0.9928,0.2179,0.5083,0.2737,0.4378,0.0234,0.0525,0.4863
2827,0.9988,0.9999,0.0077,0.9619,0.0304,0.0139,0,0.0004,0.9857
2828,0.9924,0.9995,0.0025,0.9511,0.0463,0.0026,0,0.0002,0.9972
2829,0.9784,1,0.0986,0.2926,0.6088,0.5807,0.0061,0.014,0.3992
2830,0.9985,0.9999,0.0416,0.3188,0.6396,0.6495,0.0001,0.0029,0.3475
2831,0.9972,1,0.0006,0.9904,0.009,0.0001,0,0,0.9998
2832,0.9943,0.9999,0.4291,0.1138,0.4571,0.404,0,0.0094,0.5866
2833,0.8963,0.9997,0.0884,0.3006,0.6109,0.7068,0.0244,0.0305,0.2383
2834,0.9968,1,0.0165,0.9404,0.0431,0.0054,0,0.0003,0.9943
2835,0.9678,0.9999,0.0496,0.3575,0.5929,0.6626,0.0029,0.0203,0.3141
2836,0.9972,1,0.008,0.9226,0.0694,0.0274,0,0.0008,0.9718
2837,0.7753,0.999,0.0509,0.2906,0.6585,0.7542,0.0028,0.0165,0.2264
2838,0.9963,0.7163,0.3648,0.6252,0.01,0.0117,0.4033,0.0201,0.5649
2839,0.9985,0.6477,0.1791,0.801,0.0199,0.0144,0.2381,0.0295,0.718
2840,0.9648,0.9446,0.407,0.1334,0.4595,0.465,0.0009,0.0126,0.5214
2841,0.999,0.9998,0.0134,0.9644,0.0222,0.009,0,0.0007,0.9903
2842,0.9802,0.9977,0.0118,0.7315,0.2567,0.0797,0,0.0037,0.9167
2843,0.9686,0.9994,0.0226,0.8721,0.1053,0.0664,0.0023,0.0056,0.9257
2844,0.9494,0.9986,0.0205,0.8341,0.1454,0.2031,0,0.0109,0.7859
2845,0.9827,0.9999,0.0018,0.9899,0.0083,0.0002,0,0,0.9998
2846,0.9915,0.9998,0.0154,0.8742,0.1104,0.0401,0,0.0032,0.9567
2847,0.9863,0.9999,0.0351,0.7004,0.2645,0.0599,0.0001,0.0021,0.938
2848,0.9965,1,0.009,0.969,0.022,0.0047,0,0.0012,0.994
2849,0.9985,1,0.0007,0.9967,0.0026,0.0002,0,0,0.9998
2850,0.9736,0.9999,0.0021,0.9836,0.0143,0.021,0,0.0046,0.9743
2851,0.9576,0.8375,0.0179,0.8787,0.1034,0.0564,0.0136,0.0338,0.8962
2852,0.9765,0.9883,0.5796,0.1869,0.2335,0.1748,0.0005,0.0096,0.815
2853,0.9847,0.9999,0.0128,0.879,0.1082,0.0489,0.0001,0.0045,0.9465
2854,0.9982,0.6542,0.1387,0.8086,0.0528,0.0548,0.1715,0.0381,0.7356
2855,0.9975,1,0.0251,0.6529,0.3221,0.1012,0,0.0004,0.8985
2856,0.9485,0.9991,0.2532,0.2649,0.4819,0.5794,0.1449,0.0409,0.2348
2857,0.9973,1,0.0101,0.9705,0.0194,0.0007,0,0.0001,0.9992
2858,0.9906,0.5717,0.367,0.6023,0.0306,0.0305,0.1879,0.2778,0.5038
2859,0.9528,0.9656,0.0224,0.8322,0.1453,0.0628,0.0248,0.0194,0.893
2860,0.5541,0.9632,0.0746,0.1592,0.7661,0.7997,0.0006,0.039,0.1606
2861,0.9802,1,0.0049,0.9877,0.0074,0.0014,0,0.0005,0.9981
2862,0.896,0.9442,0.0746,0.0623,0.8631,0.828,0.0005,0.0449,0.1266
2863,0.936,0.9977,0.0824,0.1268,0.7907,0.8352,0.0015,0.0132,0.1501
2864,0.9893,0.9615,0.007,0.9417,0.0513,0.0295,0.0081,0.0343,0.9281
2865,0.9757,0.9992,0.3088,0.3869,0.3043,0.3641,0.0003,0.0558,0.5799
2866,0.9159,0.9994,0.0161,0.8814,0.1024,0.1803,0.0001,0.0089,0.8107
2867,0.9916,0.7916,0.0715,0.7828,0.1458,0.1254,0.0503,0.1046,0.7197
2868,0.9932,1,0.0331,0.907,0.0599,0.0089,0,0.0013,0.9898
2869,0.9949,0.9994,0.0187,0.9489,0.0323,0.0045,0,0.0008,0.9947
2870,0.9929,0.9999,0.5427,0.2248,0.2325,0.1755,0,0.0045,0.8199
2871,0.9695,0.9994,0.0354,0.7974,0.1672,0.1147,0.0001,0.0127,0.8726
2872,0.9985,1,0.0029,0.9932,0.0038,0.0002,0,0.0004,0.9994
2873,0.9963,1,0.0061,0.9734,0.0205,0.0028,0,0.0001,0.9971
2874,0.9836,0.9557,0.0068,0.9441,0.049,0.0187,0.0054,0.032,0.9439
2875,0.9804,0.9987,0.0354,0.7879,0.1767,0.2221,0.0002,0.0071,0.7706
2876,0.966,0.9554,0.0294,0.8945,0.0761,0.028,0.0125,0.0335,0.9261
2878,0.9623,0.9983,0.1357,0.2672,0.5971,0.5962,0.0019,0.0295,0.3723
2879,0.8218,0.9973,0.1963,0.4983,0.3054,0.2642,0.0038,0.0612,0.6708
2880,0.9963,0.9999,0.0009,0.9815,0.0176,0.0006,0,0.0002,0.9993
2881,0.983,0.9999,0.0016,0.9966,0.0018,0.0002,0,0.0001,0.9996
2882,0.9645,0.9466,0.4966,0.2417,0.2617,0.3974,0.0021,0.4787,0.1218
2883,0.9749,1,0.0471,0.1801,0.7727,0.8035,0.0024,0.0079,0.1861
2884,0.9944,1,0.0154,0.9332,0.0514,0.0072,0,0.0007,0.9921
2885,0.9874,1,0.0714,0.0884,0.8402,0.746,0.0001,0.0058,0.2482
2886,0.9981,0.9999,0.002,0.9866,0.0115,0.0011,0,0.0001,0.9988
2887,0.9233,0.9739,0.3714,0.0702,0.5584,0.5239,0.0039,0.0095,0.4627
2888,0.9843,0.9834,0.0129,0.9272,0.0599,0.0161,0.0051,0.0166,0.9622
2889,0.9929,0.9997,0.0141,0.9478,0.0381,0.0098,0.0001,0.0006,0.9894
2890,0.9975,0.9999,0.0529,0.3854,0.5617,0.568,0.0008,0.0026,0.4287
2891,0.9991,1,0.0027,0.97,0.0273,0.0048,0,0.0001,0.9951
2892,0.98,0.9981,0.0118,0.774,0.2142,0.1973,0.0053,0.0038,0.7936
2893,0.9793,0.8957,0.0042,0.963,0.0328,0.0155,0.005,0.0098,0.9696
2894,0.5551,0.9712,0.0678,0.1525,0.7797,0.8487,0.0003,0.0455,0.1055
2895,0.7013,0.991,0.2992,0.2202,0.4805,0.6323,0.0001,0.0606,0.307
2896,0.7396,0.9856,0.168,0.2525,0.5795,0.7258,0.0005,0.0618,0.2119
2897,0.9313,0.9995,0.1308,0.0659,0.8033,0.8284,0.0001,0.0177,0.1538
2898,0.9808,0.9989,0.2363,0.1576,0.6061,0.6365,0.0006,0.0214,0.3414
2899,0.9361,0.9933,0.1189,0.3053,0.5758,0.6084,0.0053,0.0172,0.3691
2900,0.9774,0.2629,0.2793,0.5049,0.2158,0.2621,0.2439,0.1107,0.3832
2901,0.9875,1,0.0119,0.7947,0.1934,0.0976,0.0044,0.0014,0.8966
2902,0.9989,0.875,0.245,0.7187,0.0363,0.0415,0.2054,0.0965,0.6566
2903,0.7605,0.9987,0.2426,0.4524,0.305,0.4173,0.0008,0.115,0.4669
2904,0.9484,0.9999,0.0752,0.7946,0.1302,0.0486,0,0.0042,0.9472
2905,0.9979,1,0.0044,0.9619,0.0338,0.0095,0,0.0029,0.9876
2906,0.7483,0.998,0.1594,0.1642,0.6764,0.7447,0.0072,0.0337,0.2144
2907,0.9816,0.9966,0.3779,0.2114,0.4107,0.317,0.0001,0.0073,0.6756
2908,0.9887,0.7972,0.0513,0.5646,0.384,0.2422,0.0133,0.0431,0.7014
2909,0.997,0.9999,0.0132,0.9651,0.0218,0.0087,0,0.0008,0.9905
2910,0.7185,0.9215,0.1233,0.3706,0.5061,0.6656,0.0056,0.1408,0.1881
2911,0.9933,1,0.0999,0.1728,0.7273,0.7242,0,0.0027,0.2731
2912,0.9817,0.8029,0.1129,0.6919,0.1953,0.194,0.0508,0.1014,0.6539
2913,0.9979,1,0.011,0.9601,0.0289,0.0037,0,0.0004,0.9958
2914,0.9668,0.9999,0.0952,0.2404,0.6644,0.634,0.0071,0.0111,0.3478
2915,0.9685,0.9999,0.2264,0.4046,0.369,0.4459,0.0005,0.0812,0.4724
2916,0.9712,0.9996,0.1928,0.1386,0.6685,0.7672,0.0005,0.0021,0.2302
2917,0.9978,0.9999,0.0052,0.95,0.0448,0.0037,0,0.0001,0.9962
2918,0.996,0.8367,0.0031,0.9784,0.0185,0.0583,0.0032,0.0026,0.9359
2919,0.9958,0.0302,0.1901,0.7248,0.0851,0.1074,0.1689,0.2597,0.464
2920,0.9775,0.9999,0.0898,0.2385,0.6717,0.5918,0.0038,0.0114,0.3929
2921,0.9243,0.9973,0.0371,0.09,0.8729,0.9066,0.0032,0.0097,0.0806
2922,0.8762,0.8626,0.3369,0.5106,0.1525,0.1677,0.0395,0.2544,0.5384
2923,0.6649,0.9797,0.1593,0.2092,0.6314,0.7326,0.0005,0.0517,0.2152
2924,0.9624,0.9655,0.0153,0.9324,0.0523,0.0117,0.0172,0.0264,0.9448
2925,0.9356,0.9999,0.0208,0.9235,0.0557,0.0109,0,0.0029,0.9861
2926,0.9554,0.9986,0.1639,0.095,0.7412,0.7502,0.0004,0.0109,0.2384
2927,0.994,1,0.0117,0.9433,0.0451,0.0045,0.0001,0.0004,0.995
2928,0.9967,0.9998,0.019,0.7866,0.1945,0.0516,0.0001,0.0007,0.9475
2929,0.9787,1,0.002,0.9255,0.0724,0.0003,0,0,0.9996
2930,0.9971,0.9999,0.0094,0.9389,0.0516,0.0135,0,0.0001,0.9864
2931,0.9105,0.9794,0.1511,0.1339,0.7149,0.7468,0.0004,0.0121,0.2406
2932,0.9983,1,0.0069,0.9756,0.0175,0.0062,0,0.0028,0.991
2933,0.9501,1,0.0073,0.9376,0.0551,0.02,0,0.0025,0.9775
2934,0.9736,1,0.1419,0.0685,0.7896,0.8367,0.0029,0.0069,0.1535
2935,0.998,1,0.0126,0.9129,0.0745,0.0154,0,0.0009,0.9837
2936,0.9993,1,0.0114,0.8841,0.1045,0.0051,0,0.0009,0.9939
2937,0.9944,0.9999,0.0186,0.9666,0.0148,0.0039,0,0.0005,0.9956
2938,0.9864,0.9999,0.0184,0.7512,0.2305,0.0854,0,0.0059,0.9087
2939,0.9606,0.9998,0.0253,0.8653,0.1094,0.0837,0,0.0147,0.9016
2940,0.9775,0.9999,0.0693,0.0619,0.8688,0.88,0,0.0046,0.1153
2941,0.9661,0.9986,0.0184,0.8488,0.1329,0.0601,0.0005,0.006,0.9333
2942,0.9972,1,0.0089,0.9816,0.0096,0.0016,0,0.0002,0.9982
2943,0.9597,0.9991,0.1902,0.514,0.2958,0.3862,0.0014,0.0568,0.5555
2944,0.9323,0.9953,0.1327,0.1922,0.6752,0.6607,0.0016,0.0237,0.3139
2945,0.9922,1,0.0044,0.9839,0.0117,0.0009,0,0.0001,0.9991
2946,0.998,1,0.0047,0.9768,0.0186,0.0028,0,0.0004,0.9968
2947,0.9703,0.9992,0.119,0.1464,0.7346,0.7859,0.0002,0.0233,0.1906
2948,0.9517,1,0.0074,0.8643,0.1283,0.1128,0,0.0019,0.8852
2949,0.8006,0.9981,0.1745,0.1097,0.7158,0.7969,0,0.0363,0.1668
2950,0.9401,0.9958,0.1392,0.1132,0.7476,0.746,0.0009,0.0187,0.2344
2952,0.9987,1,0.0065,0.9727,0.0208,0.0018,0,0.0037,0.9945
2953,0.9787,0.3834,0.3562,0.4045,0.2393,0.2986,0.2313,0.1271,0.3431
2954,0.8678,0.9968,0.1243,0.2289,0.6467,0.6966,0.0025,0.0266,0.2743
2955,0.9809,0.9999,0.0204,0.7613,0.2183,0.1877,0.0002,0.0081,0.804
2956,0.9937,0.9999,0.0245,0.9021,0.0734,0.0266,0.0001,0.0024,0.9708
2957,0.9238,0.9995,0.1314,0.2386,0.63,0.7335,0.0126,0.0175,0.2364
2958,0.9819,0.9984,0.0891,0.6461,0.2648,0.3389,0.0002,0.0162,0.6447
2959,0.9971,1,0.0211,0.9218,0.0571,0.0016,0,0.0002,0.9982
2960,0.993,1,0.0083,0.9482,0.0435,0.0168,0,0.0014,0.9818
2961,0.8663,0.9927,0.0486,0.7984,0.1529,0.2569,0.0001,0.0355,0.7075
2962,0.995,1,0.0149,0.9257,0.0594,0.0319,0.0002,0.0044,0.9636
2963,0.9992,0.0682,0.1819,0.802,0.0162,0.016,0.1113,0.0425,0.8302
2964,0.9718,0.9999,0.0191,0.8535,0.1274,0.086,0.0001,0.0064,0.9075
2966,0.9978,1,0.4282,0.2408,0.331,0.328,0.0001,0.0016,0.6703
2967,0.8405,0.9811,0.2482,0.2803,0.4714,0.5885,0.0076,0.0951,0.3088
2968,0.8256,0.9143,0.053,0.3692,0.5779,0.7418,0.0026,0.0473,0.2083
2969,0.993,0.7854,0.1125,0.8025,0.085,0.0652,0.08,0.0723,0.7825
2970,0.9976,0.0956,0.3464,0.619,0.0346,0.0372,0.4752,0.1455,0.3421
2971,0.9973,0.9999,0.003,0.9899,0.0071,0.0006,0,0.0002,0.9992
2972,0.9899,1,0.0018,0.9917,0.0065,0.0004,0,0,0.9996
2973,0.9673,0.9066,0.0494,0.59,0.3606,0.2803,0.0157,0.0644,0.6397
2974,0.8875,0.9993,0.0274,0.8947,0.078,0.127,0.0003,0.01,0.8627
2975,0.9991,1,0.0235,0.6207,0.3558,0.1768,0,0.0006,0.8226
2976,0.9757,0.9992,0.087,0.1408,0.7723,0.8206,0.0044,0.006,0.169
2977,0.9812,0.9998,0.0099,0.9593,0.0309,0.0394,0,0.012,0.9485
2978,0.9947,0.9999,0.0163,0.8422,0.1414,0.032,0.0001,0.0007,0.9673
2979,0.9634,0.9998,0.0589,0.3561,0.585,0.7072,0.0223,0.0163,0.2543
2980,0.9994,1,0.0108,0.9499,0.0393,0.0019,0,0.0002,0.9979
2981,0.9879,0.5229,0.1899,0.7868,0.0233,0.0213,0.2576,0.052,0.6691
2982,0.9787,0.9305,0.0294,0.7219,0.2487,0.1099,0.0117,0.0487,0.8296
2983,0.9931,1,0.0015,0.9854,0.0131,0.0023,0,0.0001,0.9976
2984,0.9583,1,0.0345,0.0476,0.9179,0.9263,0,0.0019,0.0718
2985,0.9015,0.9403,0.3021,0.2547,0.4432,0.5987,0.0033,0.186,0.212
2986,0.9991,0.0967,0.1766,0.8048,0.0185,0.022,0.1352,0.0983,0.7444
2987,0.976,0.9527,0.0164,0.8877,0.0959,0.03,0.0142,0.0752,0.8806
2988,0.9561,1,0.0212,0.0497,0.9291,0.956,0.0001,0.0019,0.042
2989,0.964,0.8826,0.0307,0.681,0.2882,0.2346,0.0129,0.0499,0.7026
2990,0.8423,0.9711,0.3536,0.2795,0.3669,0.505,0.2068,0.1005,0.1878
2991,0.964,0.9999,0.0249,0.6842,0.2909,0.2464,0,0.0055,0.7481
2992,0.9887,1,0.0031,0.9617,0.0351,0.005,0.0001,0.0008,0.9941
2993,0.9846,1,0.0364,0.8907,0.073,0.0812,0.0002,0.0071,0.9115
2994,0.9747,0.9918,0.1368,0.7085,0.1546,0.145,0.0005,0.0123,0.8423
2995,0.9965,1,0.0423,0.9208,0.037,0.0058,0,0.0007,0.9935
2996,0.8662,0.9993,0.037,0.7997,0.1634,0.2083,0.0003,0.0173,0.7741
2997,0.9956,0.9999,0.0104,0.9612,0.0283,0.0064,0,0.0008,0.9928
2998,0.9949,0.9999,0.0141,0.9436,0.0423,0.0016,0,0.0002,0.9982
2999,0.9475,0.9998,0.0382,0.8873,0.0745,0.0961,0,0.0029,0.901
3000,0.9343,0.8917,0.0112,0.8847,0.1041,0.0974,0.0085,0.013,0.8811
3001,0.9943,0.9999,0.006,0.8808,0.1132,0.0337,0,0.0001,0.9662
3002,0.9315,1,0.1194,0.1072,0.7734,0.8214,0.027,0.0117,0.1399
3003,0.9811,0.9999,0.0013,0.8908,0.1079,0.0095,0.0209,0.0004,0.9692
3004,0.9975,0.9999,0.0169,0.968,0.0152,0.0007,0,0.0002,0.9991
3005,0.9977,0.9997,0.0279,0.9195,0.0526,0.0155,0,0.0013,0.9831
3006,0.9967,1,0.0097,0.9287,0.0617,0.0098,0,0.0001,0.9901
3007,0.9363,0.9997,0.03,0.1942,0.7759,0.7172,0.0015,0.0046,0.2767
3008,0.9913,1,0.3694,0.3927,0.2379,0.2555,0.0003,0.0067,0.7375
3009,0.9444,1,0.0196,0.0525,0.9279,0.9693,0.0021,0.0022,0.0264
3010,0.9702,0.9789,0.0322,0.8675,0.1002,0.0509,0.0123,0.0638,0.873
3011,0.9933,1,0.0058,0.7921,0.2021,0.0415,0,0.0002,0.9582
3012,0.9942,0.9999,0.0048,0.9347,0.0605,0.0055,0,0.0009,0.9935
3013,0.9949,1,0.023,0.8953,0.0817,0.0053,0,0.0002,0.9945
3014,0.6404,0.9159,0.06,0.2151,0.7249,0.7867,0.0004,0.0386,0.1743
3015,0.9949,0.9999,0.0128,0.9303,0.0569,0.0384,0.0001,0.0017,0.9598
3016,0.9911,0.9996,0.009,0.9597,0.0314,0.0043,0,0.0018,0.9938
3017,0.9301,0.9981,0.0912,0.0794,0.8294,0.8728,0.0449,0.0097,0.0725
3018,0.9969,1,0.0026,0.9694,0.0281,0.0004,0,0,0.9995
3019,0.9973,1,0.0015,0.9801,0.0184,0.0023,0,0.0001,0.9976
3020,0.997,0.9998,0.0035,0.9726,0.0239,0.0127,0.0004,0.0004,0.9866
3021,0.9519,1,0.0127,0.928,0.0593,0.0321,0,0.0029,0.9649
3022,0.9984,1,0.0054,0.9782,0.0164,0.0028,0,0.0005,0.9967
3023,0.9919,1,0.0403,0.9093,0.0503,0.0274,0.0004,0.0072,0.9651
3024,0.9169,0.9915,0.151,0.0645,0.7845,0.7968,0.0082,0.0099,0.1851
3025,0.998,0.0213,0.1033,0.7923,0.1044,0.1304,0.1163,0.0769,0.6765
3026,0.6476,0.9897,0.1733,0.1989,0.6278,0.7316,0.0002,0.069,0.1992
3027,0.9722,0.9999,0.0024,0.9728,0.0248,0.0299,0,0.0015,0.9686
3028,0.7672,0.9996,0.1,0.2497,0.6503,0.7183,0.0044,0.0215,0.2559
3029,0.9462,0.9949,0.1452,0.0966,0.7582,0.7978,0.0401,0.0142,0.1479
3030,0.9634,0.9998,0.0104,0.8704,0.1192,0.6603,0,0.0205,0.3192
3031,0.9646,0.9999,0.0201,0.9573,0.0227,0.0218,0,0.0062,0.9721
3032,0.9962,0.9999,0.0045,0.9563,0.0393,0.0034,0,0.0001,0.9965
3033,0.9985,1,0.0017,0.9862,0.0121,0.0011,0,0.0002,0.9988
3034,0.9959,0.9999,0.0149,0.927,0.0581,0.0081,0,0.0004,0.9914
3035,0.9798,0.401,0.0564,0.536,0.4076,0.5065,0.0107,0.0546,0.4282
3036,0.9829,0.9998,0.0062,0.9619,0.0319,0.0082,0,0.0009,0.9909
3037,0.9336,0.987,0.0473,0.1701,0.7826,0.8181,0.0043,0.0181,0.1595
3038,0.9747,1,0.0631,0.9018,0.035,0.0184,0,0.0024,0.9792
3039,0.9428,0.9369,0.0089,0.8913,0.0999,0.0484,0.0129,0.0269,0.9118
3040,0.9685,0.9568,0.0617,0.1159,0.8224,0.7631,0,0.0026,0.2343
3041,0.6183,0.9908,0.2707,0.2003,0.529,0.6371,0.0001,0.089,0.2738
3042,0.9581,0.999,0.3584,0.1633,0.4783,0.5727,0.0112,0.015,0.4011
3043,0.9191,0.9993,0.0667,0.6519,0.2814,0.2664,0.0006,0.02,0.7131
3044,0.9971,0.9999,0.0011,0.9928,0.006,0.0005,0,0.0002,0.9992
3045,0.998,1,0.3543,0.5455,0.1002,0.1408,0.0001,0.0013,0.8578
3046,0.9826,0.9942,0.004,0.6192,0.3768,0.1715,0,0.0025,0.826
3047,0.9993,1,0.008,0.9596,0.0324,0.0013,0,0.0004,0.9984
3048,0.9966,1,0.0004,0.9923,0.0074,0.0002,0,0,0.9998
3049,0.8157,0.9994,0.1258,0.2092,0.665,0.7248,0.0024,0.0162,0.2566
3050,0.9395,0.9997,0.2161,0.1243,0.6596,0.6873,0.0008,0.0086,0.3032
3051,0.9955,1,0.0264,0.9355,0.0381,0.0062,0,0.0011,0.9927
3052,0.9974,0.4904,0.197,0.7597,0.0433,0.0267,0.2762,0.1118,0.5854
3053,0.9968,1,0.0191,0.8353,0.1456,0.0345,0.0001,0.0012,0.9641
3054,0.9846,0.9997,0.0592,0.2994,0.6414,0.7882,0.0042,0.0161,0.1915
3055,0.9555,0.9999,0.0218,0.9446,0.0336,0.0272,0,0.0103,0.9625
3056,0.9921,0.9997,0.128,0.3133,0.5587,0.5271,0.0002,0.0162,0.4566
3057,0.9598,0.9999,0.0123,0.9688,0.0188,0.0133,0,0.0028,0.9839
3058,0.9759,0.9999,0.0315,0.8706,0.098,0.0621,0,0.0041,0.9337
3059,0.954,0.9999,0.0009,0.8504,0.1487,0.0163,0.015,0.0002,0.9685
3060,0.9095,0.9629,0.2143,0.0933,0.6925,0.7151,0.0032,0.0263,0.2553
3061,0.9948,0.9999,0.0001,0.9318,0.0681,0.002,0.0002,0,0.9978
3062,0.9895,0.9999,0.006,0.9767,0.0173,0.0019,0,0.0002,0.9979
3063,0.8175,0.9857,0.1149,0.3342,0.5508,0.6718,0.0363,0.0433,0.2486
3064,0.9981,1,0.0045,0.9786,0.0169,0.0009,0,0.0001,0.999
3065,0.9652,0.6405,0.063,0.6547,0.2823,0.2502,0.0054,0.0337,0.7107
3066,0.9939,1,0.024,0.9499,0.0261,0.0073,0,0.0007,0.9921
3067,0.999,1,0.0015,0.9083,0.0901,0.0104,0.0008,0.0004,0.9884
3068,0.9634,0.9998,0.1557,0.3694,0.4749,0.5706,0.0016,0.0218,0.4061
3069,0.9538,0.9999,0.0445,0.8686,0.087,0.0757,0.0003,0.0101,0.9139
3070,0.9323,0.8937,0.0368,0.7615,0.2017,0.1597,0.0164,0.0424,0.7815
3071,0.9978,0.4261,0.147,0.8437,0.0093,0.009,0.0999,0.0191,0.872
3072,0.9299,0.9901,0.0027,0.9622,0.0351,0.0042,0.0091,0.0003,0.9864
3073,0.993,0.9999,0.4715,0.2454,0.2831,0.2755,0.0003,0.0388,0.6855
3074,0.9984,0.6147,0.1822,0.783,0.0348,0.0337,0.3227,0.0376,0.6061
3075,0.9955,0.9999,0.005,0.9015,0.0935,0.0154,0,0.0007,0.9839
3076,0.9739,0.9999,0.1417,0.0399,0.8184,0.7858,0,0.0017,0.2125
3077,0.9976,1,0.002,0.994,0.004,0.0002,0,0.0001,0.9997
3078,0.9434,0.9994,0.0012,0.9634,0.0355,0.036,0.0001,0.0006,0.9634
3079,0.9904,0.9999,0.0179,0.9279,0.0542,0.0016,0,0.0001,0.9982
3080,0.9813,0.9937,0.0035,0.4728,0.5237,0.3203,0,0.0049,0.6748
3081,0.9813,0.9981,0.0054,0.5483,0.4462,0.1549,0,0.0013,0.8437
3082,0.9918,1,0.0067,0.9241,0.0692,0.0087,0.0001,0.0018,0.9894
3083,0.796,0.9987,0.0334,0.7807,0.1859,0.2648,0.001,0.0076,0.7267
3084,0.966,0.9273,0.3816,0.0872,0.5312,0.5155,0.0006,0.013,0.471
3085,0.9984,1,0.0007,0.9947,0.0047,0.0002,0,0.0002,0.9996
3086,0.9977,1,0.0008,0.9906,0.0086,0.0002,0.0001,0.0005,0.9992
3087,0.9763,0.9635,0.0464,0.8505,0.1031,0.0465,0.0061,0.0504,0.897
3088,0.9956,1,0.0107,0.9281,0.0612,0.0037,0,0.0002,0.9961
3089,0.9659,0.6739,0.2216,0.4511,0.3272,0.349,0.1365,0.0851,0.4293
3090,0.997,1,0.0439,0.8597,0.0965,0.0312,0.0001,0.0029,0.9658
3091,0.9987,1,0.2501,0.3953,0.3547,0.3415,0.0003,0.0041,0.6541
3092,0.9372,0.9987,0.0742,0.7538,0.172,0.1562,0.0001,0.0174,0.8263
3093,0.9923,0.9999,0.0152,0.9311,0.0537,0.0162,0.0018,0.0007,0.9813
3094,0.9513,0.9999,0.0785,0.2693,0.6522,0.7178,0.0027,0.0064,0.2731
3095,0.8243,0.9984,0.0128,0.8157,0.1715,0.2965,0.0003,0.0079,0.6952
3096,0.9917,0.9906,0.5472,0.2665,0.1862,0.1798,0.0008,0.0241,0.7953
3097,0.9958,0.9998,0.0069,0.9572,0.0359,0.0106,0.0001,0.0005,0.9888
3098,0.9963,0.454,0.2504,0.7263,0.0233,0.0144,0.2176,0.0438,0.7241
3099,0.9826,0.9999,0.0176,0.8715,0.1109,0.0335,0,0.0018,0.9647
3100,0.8889,0.9997,0.1179,0.1864,0.6957,0.7002,0.0001,0.0269,0.2729
3101,0.7449,0.9994,0.1339,0.1864,0.6797,0.7281,0.0017,0.0092,0.261
3102,0.991,1,0.0025,0.9888,0.0087,0.001,0,0.0001,0.9988
3103,0.9927,0.9999,0.0114,0.9395,0.0491,0.0285,0,0.0013,0.9702
3104,0.983,0.9999,0.0994,0.4215,0.4791,0.4475,0.0005,0.0091,0.5429
3105,0.9924,0.9999,0.0022,0.9867,0.0111,0.0006,0,0.0003,0.9992
3106,0.9944,0.9999,0.032,0.9125,0.0555,0.0126,0,0.0004,0.987
3108,0.9873,0.9999,0.1737,0.1152,0.7111,0.681,0.0006,0.0038,0.3146
3109,0.9936,0.5898,0.1629,0.8285,0.0086,0.0084,0.13,0.093,0.7685
3110,0.9744,0.9997,0.0164,0.874,0.1097,0.0464,0.0001,0.0034,0.9501
3111,0.9851,0.9975,0.0043,0.7118,0.284,0.0811,0,0.0029,0.916
3112,0.9737,0.9999,0.0147,0.9536,0.0318,0.0323,0,0.0066,0.961
3113,0.999,1,0.0008,0.9945,0.0047,0.0006,0,0.0001,0.9994
3114,0.9913,1,0.0003,0.9993,0.0005,0,0,0,1
3115,0.9884,1,0.1936,0.0605,0.7459,0.76,0,0.0029,0.237
3116,0.8208,0.9873,0.452,0.2731,0.2749,0.3725,0.0007,0.3142,0.3126
3117,0.971,0.8889,0.0179,0.7941,0.188,0.0632,0.0113,0.0356,0.8899
3118,0.9949,1,0.0183,0.8962,0.0855,0.0256,0.0001,0.005,0.9693
3119,0.9451,0.9987,0.226,0.2391,0.5349,0.6172,0.0061,0.005,0.3716
3120,0.9824,0.9999,0.0226,0.9201,0.0573,0.0484,0.0001,0.0092,0.9423
3121,0.9976,1,0.0096,0.9622,0.0282,0.0018,0,0.0002,0.9979
3122,0.9554,0.9993,0.1504,0.5897,0.2599,0.2529,0.0018,0.0223,0.723
3123,0.9632,1,0.0671,0.0394,0.8934,0.9119,0.0001,0.0012,0.0868
3124,0.9591,1,0.0668,0.0923,0.8408,0.8996,0.0065,0.0052,0.0887
3125,0.9952,1,0.0149,0.9145,0.0706,0.0059,0,0.0003,0.9937
3126,0.9946,1,0.0023,0.9846,0.013,0.0002,0,0,0.9998
3127,0.9056,0.9998,0.0323,0.0902,0.8775,0.9358,0.0003,0.005,0.059
3128,0.9914,1,0.2412,0.0679,0.6909,0.6936,0,0.0033,0.3031
3129,0.9259,0.8216,0.1135,0.3048,0.5818,0.6817,0.0191,0.042,0.2573
3130,0.9599,1,0.009,0.9156,0.0754,0.1302,0.0141,0.0067,0.8491
3131,0.9979,1,0.0049,0.9843,0.0108,0.0009,0,0.0003,0.9988
3132,0.9979,0.9999,0.0062,0.9693,0.0245,0.0063,0,0.0002,0.9935
3133,0.6764,0.9867,0.0437,0.162,0.7944,0.8652,0.0018,0.0406,0.0924
3134,0.9977,1,0.0071,0.9483,0.0447,0.0086,0,0.0011,0.9903
3135,0.9976,1,0.1203,0.1429,0.7368,0.6396,0,0.0012,0.3592
3136,0.9965,1,0.0115,0.9301,0.0584,0.0146,0,0.0013,0.9841
3137,0.9886,0.9999,0.0097,0.5919,0.3984,0.0659,0.0002,0.0009,0.933
3138,0.9594,0.9631,0.4315,0.359,0.2096,0.2143,0.003,0.0117,0.7711
3139,0.9427,0.9997,0.1385,0.0707,0.7909,0.8076,0.0031,0.007,0.1822
3140,0.9989,1,0.0012,0.9933,0.0055,0.0008,0,0.0014,0.9978
3141,0.999,1,0.0314,0.1782,0.7903,0.7607,0,0.0007,0.2385
3142,0.8869,0.9953,0.2816,0.1656,0.5528,0.6222,0,0.0503,0.3274
3143,0.9527,0.9971,0.0021,0.8283,0.1696,0.0403,0.0058,0.0005,0.9534
3144,0.994,0.72,0.3673,0.579,0.0536,0.0592,0.2824,0.2149,0.4436
3145,0.9946,1,0.0107,0.9153,0.074,0.0322,0.0001,0.0046,0.9631
3146,0.9981,1,0.0007,0.9923,0.0071,0.0001,0,0,0.9999
3147,0.9972,1,0.0032,0.9884,0.0084,0.0004,0,0.0002,0.9994
3148,0.9975,1,0.0218,0.9593,0.0189,0.0006,0,0.0002,0.9992
3149,0.9413,0.9917,0.1487,0.4336,0.4177,0.5401,0.0141,0.0318,0.414
3150,0.9987,0.9999,0.0241,0.7009,0.2749,0.142,0,0.0022,0.8558
3151,0.9987,1,0.0015,0.9959,0.0027,0.0002,0,0.0003,0.9995
3152,0.9988,0.016,0.3115,0.5612,0.1273,0.1121,0.1456,0.0509,0.6915
3153,0.9698,0.9999,0.0024,0.9784,0.0192,0.0013,0,0.0005,0.9982
3154,0.981,1,0.0308,0.8246,0.1446,0.0032,0,0.0002,0.9966
3155,0.9426,0.9999,0.0326,0.8196,0.1479,0.1726,0.0002,0.009,0.8182
3156,0.9976,1,0.0193,0.9452,0.0354,0.0013,0,0.0001,0.9986
3157,0.9961,0.9998,0.0163,0.9133,0.0704,0.0278,0.0002,0.0016,0.9704
3158,0.9983,1,0.0004,0.981,0.0185,0.0039,0,0.0001,0.9959
3159,0.8915,0.9992,0.0272,0.7329,0.24,0.3209,0.0005,0.0199,0.6587
3160,0.9309,0.9602,0.4733,0.285,0.2417,0.4554,0.0195,0.3329,0.1922
3161,0.9943,1,0.0008,0.9388,0.0603,0.0064,0.0012,0.0002,0.9922
3162,0.9606,0.9979,0.0059,0.891,0.1031,0.0289,0.0053,0.0018,0.964
3163,0.9933,1,0.0111,0.9262,0.0627,0.0172,0,0.0009,0.9819
3164,0.9281,0.9981,0.4121,0.0229,0.565,0.4966,0,0.0049,0.4985
3165,0.9904,0.9999,0.0151,0.9352,0.0497,0.0206,0,0.0038,0.9755
3166,0.9846,0.9997,0.2273,0.3264,0.4463,0.4553,0.0002,0.0106,0.5339
3167,0.9828,0.9997,0.0178,0.9516,0.0306,0.0112,0,0.0003,0.9886
3168,0.9926,0.9996,0.0088,0.9268,0.0643,0.0344,0,0.0009,0.9646
3169,0.9927,0.9999,0.0137,0.9048,0.0816,0.0145,0,0.0013,0.9842
3170,0.94,0.9344,0.0138,0.7513,0.2348,0.0332,0.003,0.0069,0.9568
3171,0.9938,0.1054,0.224,0.7213,0.0546,0.0848,0.2608,0.1249,0.5295
3172,0.9965,1,0.0048,0.9511,0.0441,0.0047,0,0.0004,0.9949
3173,0.9981,1,0.0028,0.9883,0.0089,0.0002,0,0.0001,0.9997
3174,0.9611,1,0.0067,0.9802,0.0131,0.0119,0,0.0026,0.9855
3175,0.9972,0.1123,0.1954,0.5752,0.2295,0.2828,0.2383,0.2387,0.2401
3176,0.9969,1,0.0067,0.9833,0.01,0.0005,0,0.0001,0.9994
3177,0.999,1,0.0005,0.9974,0.0021,0.0001,0,0,0.9999
3178,0.9944,1,0.0067,0.9705,0.0228,0.0085,0,0.0007,0.9908
3179,0.7888,0.9905,0.1466,0.2637,0.5897,0.7598,0.0005,0.1221,0.1177
3180,0.9955,1,0.0043,0.9611,0.0346,0.0006,0,0,0.9993
3181,0.9997,1,0.0121,0.882,0.1059,0.0456,0,0.0006,0.9538
3182,0.9958,1,0.0026,0.9826,0.0148,0.0032,0,0.0002,0.9966
3183,0.9639,0.9457,0.2741,0.408,0.3179,0.3971,0.0132,0.0329,0.5567
3184,0.9944,1,0.0093,0.9725,0.0182,0.0031,0,0.0024,0.9945
3185,0.9961,1,0.0026,0.9875,0.0099,0.0018,0.0003,0.005,0.9929
3186,0.9596,0.9991,0.1906,0.1414,0.6679,0.7297,0.0003,0.0856,0.1844
3187,0.9678,0.9995,0.0551,0.378,0.5669,0.586,0.0007,0.0188,0.3945
3188,0.9978,0.9999,0.0256,0.6638,0.3107,0.2067,0.0004,0.0023,0.7905
3189,0.9992,1,0.0129,0.9674,0.0197,0.0011,0,0.0001,0.9988
3190,0.9696,1,0.0733,0.0579,0.8687,0.8777,0.0007,0.007,0.1146
3191,0.9966,0.9999,0.0017,0.9922,0.0061,0.0004,0,0.0001,0.9995
3192,0.9981,1,0.0067,0.9694,0.0239,0.0002,0,0,0.9998
3193,0.7535,0.9967,0.1579,0.177,0.6651,0.7358,0.0033,0.0505,0.2104
3194,0.991,0.9998,0.0146,0.7718,0.2136,0.097,0,0.0023,0.9007
3195,0.9925,0.9999,0.0025,0.965,0.0325,0.0014,0.0003,0.0002,0.9981
3196,0.7441,0.9785,0.0573,0.1324,0.8103,0.8459,0.0005,0.0271,0.1265
3197,0.981,0.9997,0.0151,0.9099,0.075,0.0597,0,0.0022,0.9381
3198,0.9977,1,0.0045,0.95,0.0455,0.0117,0,0.0001,0.9882
3199,0.9855,1,0.0197,0.7439,0.2365,0.0076,0.002,0.0003,0.9901
3200,0.983,0.9999,0.0084,0.9348,0.0568,0.0358,0,0.0027,0.9615
3201,0.9997,1,0.0111,0.218,0.7709,0.784,0,0.0005,0.2155
3202,0.987,1,0.0148,0.935,0.0502,0.0012,0.0022,0.0002,0.9965
3203,0.9759,0.9996,0.0752,0.3876,0.5372,0.6665,0.0081,0.0111,0.3142
3204,0.9935,1,0.044,0.1942,0.7618,0.7886,0.0016,0.0065,0.2032
3205,0.8107,0.9995,0.1562,0.2192,0.6246,0.6615,0.0006,0.0093,0.3286
3206,0.9833,1,0.0171,0.8065,0.1764,0.0154,0,0.0001,0.9845
3207,0.997,1,0.0077,0.919,0.0733,0.0126,0,0.0004,0.987
3208,0.8716,0.9998,0.0548,0.8209,0.1244,0.1868,0.0002,0.0134,0.7996
3209,0.9877,0.9999,0.0148,0.9498,0.0354,0.0203,0,0.0016,0.978
3210,0.9958,1,0.0078,0.9832,0.009,0.0007,0,0.0001,0.9993
3211,0.9166,0.914,0.0201,0.2527,0.7272,0.6927,0.0001,0.0179,0.2893
3212,0.9233,0.9983,0.0173,0.8451,0.1377,0.2587,0.0011,0.0169,0.7234
3213,0.9989,1,0.0204,0.6351,0.3444,0.1194,0,0.0006,0.88
3214,0.9793,0.9999,0.0029,0.9908,0.0063,0.0026,0,0.0024,0.995
3215,0.7339,0.9996,0.2197,0.1767,0.6036,0.7116,0.0002,0.0763,0.2119
3216,0.9566,0.9963,0.4038,0.2189,0.3773,0.4941,0.0006,0.0093,0.496
3217,0.9946,0.9999,0.013,0.9527,0.0343,0.0055,0,0.0015,0.993
3218,0.9979,1,0.009,0.9748,0.0162,0.0021,0,0.0003,0.9976
3219,0.9705,1,0.2728,0.185,0.5422,0.5965,0.0002,0.0039,0.3994
3220,0.9925,1,0.0069,0.9686,0.0245,0.0021,0,0.0002,0.9976
3221,0.9352,0.9994,0.3373,0.1828,0.48,0.5196,0.0006,0.0074,0.4725
3222,0.9868,0.9401,0.0327,0.8818,0.0855,0.0291,0.009,0.09,0.8719
3223,0.995,0.9999,0.0317,0.9012,0.0671,0.0331,0,0.002,0.9649
3224,0.9988,1,0.0004,0.9831,0.0165,0.0094,0,0.0002,0.9904
3225,0.9914,0.9999,0.002,0.9818,0.0162,0.0057,0.0001,0.0005,0.9937
3226,0.922,0.9989,0.0117,0.0445,0.9438,0.938,0.0008,0.0017,0.0595
3227,0.9978,1,0.0019,0.9869,0.0111,0.0005,0,0.0001,0.9995
3228,0.9975,1,0.0062,0.916,0.0778,0.0037,0,0.0006,0.9956
3229,0.9894,0.8628,0.1969,0.3761,0.427,0.5833,0.0037,0.0607,0.3524
3230,0.9906,0.4848,0.2592,0.4648,0.276,0.2995,0.187,0.0886,0.4249
3231,0.9971,1,0.0019,0.9729,0.0252,0.0044,0,0.0001,0.9954
3232,0.9646,0.9966,0.0123,0.733,0.2547,0.0904,0.0042,0.0022,0.9032
3233,0.9817,0.9998,0.0608,0.2435,0.6957,0.7488,0.0005,0.0076,0.2431
3234,0.9841,1,0.0283,0.8276,0.144,0.0842,0,0.0054,0.9104
3235,0.7426,0.9812,0.0804,0.4003,0.5193,0.7153,0.0006,0.1079,0.1761
3236,0.9945,0.9999,0.0015,0.9931,0.0054,0.0002,0,0.0001,0.9997
3237,0.9824,0.9392,0.0263,0.7663,0.2074,0.044,0.0032,0.036,0.9167
3238,0.9992,0.0564,0.2917,0.6742,0.0341,0.049,0.2565,0.063,0.6315
3239,0.9987,1,0.0025,0.9812,0.0163,0.0012,0,0.0002,0.9985
3240,0.814,0.9824,0.287,0.3192,0.3937,0.6263,0.0007,0.24,0.133
3241,0.9773,1,0.0066,0.9773,0.0161,0.0297,0,0.0014,0.9688
3242,0.9978,0.9999,0.0212,0.9406,0.0382,0.0164,0,0.004,0.9796
3243,0.9913,1,0.0124,0.9324,0.0553,0.0019,0.0001,0.0004,0.9976
3244,0.9808,1,0.1779,0.2024,0.6197,0.6178,0.0003,0.0133,0.3686
3245,0.9409,0.9997,0.1475,0.1518,0.7007,0.7897,0.0033,0.0106,0.1965
3246,0.9893,1,0.0111,0.9004,0.0885,0.0099,0.001,0.0012,0.9879
3247,0.9668,0.9999,0.0011,0.9761,0.0228,0.0055,0,0.0006,0.9939
3248,0.9618,0.8834,0.0283,0.7683,0.2033,0.1212,0.0234,0.0299,0.8255
3249,0.9938,1,0.0208,0.931,0.0482,0.0014,0,0.0002,0.9984
3250,0.9994,1,0.0086,0.9575,0.0339,0.0012,0,0.0001,0.9987
3251,0.9974,0.9999,0.019,0.9146,0.0664,0.0078,0,0.0005,0.9917
3252,0.8562,0.9912,0.2771,0.1871,0.5358,0.5711,0.002,0.008,0.4188
3253,0.9516,0.9632,0.2631,0.2148,0.5222,0.5261,0.0012,0.0183,0.4543
3254,0.9971,1,0.0044,0.9489,0.0467,0.0054,0,0.0001,0.9945
3255,0.937,0.9996,0.1017,0.7682,0.1301,0.1149,0.0001,0.0091,0.8759
3256,0.975,0.8667,0.0097,0.9343,0.056,0.0306,0.0101,0.0161,0.9432
3257,0.9981,1,0.0038,0.9757,0.0205,0.0005,0,0.0002,0.9993
3258,0.982,0.7194,0.0708,0.8378,0.0914,0.0524,0.0617,0.1175,0.7684
3259,0.964,0.9964,0.2832,0.1726,0.5442,0.5895,0.0002,0.0093,0.4009
3260,0.9643,0.9999,0.2155,0.1304,0.6541,0.7072,0.0059,0.0165,0.2705
3261,0.9536,0.9988,0.3432,0.2165,0.4403,0.4657,0.0008,0.0128,0.5206
3262,0.9707,1,0.0668,0.8287,0.1045,0.0802,0,0.0066,0.9132
3263,0.9967,1,0.0169,0.7881,0.1949,0.093,0.0001,0.0038,0.9031
3264,0.9635,0.9561,0.0302,0.6954,0.2744,0.0305,0.0188,0.026,0.9247
3265,0.9928,0.5354,0.0724,0.9094,0.0182,0.0254,0.095,0.731,0.1486
3266,0.9299,0.9999,0.0499,0.886,0.0641,0.0849,0.0002,0.0158,0.8991
3267,0.9885,0.9999,0.004,0.9673,0.0287,0.0087,0,0.0002,0.991
3268,0.9745,0.9933,0.0464,0.1272,0.8264,0.8892,0.0048,0.003,0.1031
3269,0.995,1,0.0003,0.996,0.0038,0,0,0,0.9999
3270,0.9971,0.9999,0.0017,0.9935,0.0049,0.0002,0,0.0001,0.9997
3271,0.9883,0.9998,0.2343,0.3578,0.4079,0.5944,0.0052,0.0303,0.3701
3272,0.9948,0.5945,0.2099,0.7741,0.016,0.0196,0.1325,0.0647,0.7831
3273,0.9136,0.9981,0.0503,0.7569,0.1928,0.2506,0.0001,0.0159,0.7334
3274,0.9869,1,0.0003,0.9973,0.0024,0,0,0,1
3275,0.9883,0.9995,0.2488,0.3477,0.4035,0.4405,0.0001,0.009,0.5505
3276,0.9925,1,0.0131,0.9439,0.043,0.003,0,0.0005,0.9965
3278,0.8408,0.9906,0.2196,0.3228,0.4575,0.634,0.0323,0.089,0.2447
3279,0.9556,0.8269,0.0196,0.7884,0.192,0.1566,0.0122,0.0179,0.8132
3280,0.9943,1,0.0377,0.7481,0.2142,0.0473,0,0.0008,0.9518
3281,0.9932,0.9998,0.0041,0.9297,0.0661,0.0173,0.0002,0.0007,0.9818
3282,0.6089,0.9047,0.0822,0.102,0.8157,0.8397,0.0004,0.0236,0.1363
3283,0.9745,1,0.3707,0.1498,0.4795,0.4766,0,0.014,0.5093
3284,0.9196,0.9962,0.2758,0.0893,0.6349,0.5905,0,0.0026,0.4068
3285,0.9353,1,0.192,0.1211,0.6869,0.5977,0.0007,0.0076,0.3941
3286,0.9706,0.9992,0.0289,0.6468,0.3244,0.4138,0.0005,0.0063,0.5794
3287,0.9885,1,0.0084,0.8758,0.1158,0.0199,0.0001,0.0006,0.9794
3288,0.6943,0.9507,0.0883,0.146,0.7657,0.8045,0.0004,0.0436,0.1516
3289,0.9885,0.9999,0.3098,0.2014,0.4888,0.5403,0.0005,0.0254,0.4339
3290,0.8105,0.9913,0.2289,0.1883,0.5828,0.6424,0.0007,0.0161,0.3408
3291,0.9553,0.98,0.0252,0.8612,0.1137,0.0649,0.0253,0.0811,0.8286
3292,0.9928,0.9999,0.0171,0.9406,0.0423,0.0172,0,0.0034,0.9794
3293,0.9848,0.9374,0.1736,0.3382,0.4883,0.5635,0.0026,0.0396,0.3943
3294,0.999,1,0.0017,0.9936,0.0047,0.0005,0,0.0002,0.9994
3295,0.9985,1,0.0258,0.9449,0.0293,0.0026,0,0.0002,0.9973
3296,0.9951,1,0.0083,0.9274,0.0643,0.0232,0,0.0007,0.976
3297,0.9479,0.9995,0.0583,0.172,0.7696,0.7259,0.0016,0.0051,0.2674
3298,0.9909,0.2197,0.3326,0.589,0.0784,0.0962,0.3997,0.0812,0.4229
3299,0.9562,1,0.0026,0.9188,0.0786,0.01,0.0001,0.0002,0.9897
3300,0.991,1,0.0198,0.8018,0.1783,0.0704,0.0002,0.0027,0.9268
3301,0.6564,0.9844,0.1505,0.2117,0.6378,0.7149,0.0002,0.0702,0.2147
3302,0.7878,0.9856,0.0968,0.1362,0.767,0.8399,0.0042,0.0431,0.1129
3303,0.996,0.9999,0.0033,0.9742,0.0225,0.0025,0,0.0002,0.9973
3304,0.9784,1,0.0022,0.954,0.0438,0.0068,0,0.0009,0.9922
3305,0.9991,1,0.1447,0.2627,0.5925,0.6926,0,0.0006,0.3068
3306,0.9848,0.9998,0.0245,0.8918,0.0837,0.0575,0,0.0035,0.939
3307,0.9765,0.9996,0.2851,0.3627,0.3522,0.3527,0.0001,0.0083,0.6388
3308,0.9946,0.9998,0.0045,0.9679,0.0276,0.0178,0,0.0008,0.9814
3309,0.9968,1,0.0039,0.9423,0.0538,0.0027,0,0.0002,0.9971
3310,0.9983,0.5305,0.1507,0.8185,0.0308,0.0364,0.1877,0.0438,0.7321
3311,0.9977,1,0.0103,0.9621,0.0276,0.0017,0,0.002,0.9962
3312,0.593,0.9729,0.0785,0.1466,0.7748,0.8087,0.0016,0.0183,0.1714
3313,0.9921,1,0.0124,0.9456,0.042,0.0022,0,0.0004,0.9974
3314,0.9985,0.9999,0.0046,0.9604,0.035,0.0047,0.0001,0.0004,0.9948
3315,0.9719,0.9999,0.0139,0.9011,0.085,0.0292,0.0003,0.0078,0.9627
3316,0.9929,0.9999,0.0105,0.8902,0.0994,0.0495,0,0.0018,0.9486
3317,0.9525,0.9999,0.0053,0.8509,0.1438,0.0722,0,0.0009,0.9269
3318,0.9978,0.9998,0.0142,0.787,0.1988,0.0134,0.0011,0.0002,0.9854
3319,0.9803,0.9999,0.037,0.1394,0.8236,0.8847,0.0003,0.0043,0.1107
3320,0.9866,1,0.136,0.1002,0.7638,0.7967,0.0001,0.0021,0.2011
3321,0.9975,1,0.0025,0.9918,0.0057,0.0012,0,0.0002,0.9986
3322,0.9618,0.9841,0.1458,0.1125,0.7417,0.6938,0.0002,0.0055,0.3006
3323,0.988,1,0.0082,0.9456,0.0462,0.0133,0,0.0021,0.9846
3324,0.9996,0.6458,0.1638,0.7174,0.1188,0.1274,0.0605,0.019,0.7932
3325,0.8721,0.9997,0.424,0.1653,0.4107,0.4821,0.0008,0.0091,0.508
3326,0.9763,0.9891,0.3212,0.0869,0.5919,0.6374,0.07,0.0172,0.2754
3327,0.9916,0.9999,0.0064,0.9675,0.0262,0.0062,0,0.0002,0.9936
3328,0.9644,0.9225,0.0092,0.7875,0.2033,0.148,0.0472,0.1272,0.6776
3329,0.9984,0.5035,0.0369,0.8443,0.1188,0.2661,0.1974,0.031,0.5055
3330,0.9674,0.9954,0.2503,0.114,0.6357,0.6818,0.0003,0.0277,0.2902
3331,0.9708,0.9994,0.3354,0.2408,0.4239,0.4673,0.0006,0.0101,0.522
3332,0.995,1,0.0158,0.9085,0.0757,0.014,0,0.0003,0.9856
3333,0.9928,1,0.0022,0.8556,0.1422,0.0461,0,0.0012,0.9527
3334,0.9338,1,0.0416,0.2061,0.7523,0.7737,0.0071,0.0035,0.2157
3335,0.8144,0.9852,0.1176,0.1139,0.7684,0.8721,0.0003,0.0809,0.0467
3336,0.9904,1,0.2047,0.5312,0.2641,0.2899,0.0003,0.0114,0.6985
3337,0.9477,0.9203,0.0449,0.843,0.1121,0.089,0.0099,0.0471,0.854
3338,0.7933,0.9996,0.2047,0.2959,0.4994,0.6662,0.0003,0.1059,0.2276
3339,0.9114,0.9998,0.0549,0.37,0.5751,0.5447,0.0025,0.0088,0.4439
3340,0.9874,0.7988,0.0026,0.9831,0.0143,0.0098,0.0074,0.0026,0.9802
3341,0.9897,0.9999,0.0155,0.9059,0.0786,0.0923,0.004,0.0059,0.8978
3342,0.9873,0.9997,0.198,0.103,0.699,0.6892,0.0002,0.0082,0.3025
3343,0.9941,0.9999,0.0026,0.9705,0.0269,0.005,0,0.0002,0.9947
3344,0.9912,0.9999,0.0133,0.9284,0.0584,0.0019,0,0.0001,0.998
3345,0.9361,0.9674,0.2584,0.1893,0.5524,0.5337,0.0011,0.0386,0.4267
3346,0.9804,0.7407,0.0261,0.8502,0.1237,0.0947,0.0077,0.0244,0.8732
3347,0.999,1,0.0021,0.9866,0.0113,0.0003,0,0.0001,0.9997
3348,0.9995,0.088,0.1775,0.8129,0.0095,0.0136,0.1489,0.0277,0.8099
3349,0.9904,1,0.0038,0.9681,0.0282,0.012,0,0.0004,0.9876
3350,0.9681,0.9998,0.0475,0.8815,0.071,0.1037,0,0.0082,0.8881
3351,0.9973,0.9999,0.0022,0.9847,0.0131,0.0016,0,0.0002,0.9982
3352,0.9661,0.9983,0.2293,0.1288,0.6419,0.5277,0.0014,0.01,0.4609
3353,0.9975,1,0.0012,0.9859,0.0129,0.0013,0,0.0002,0.9985
3354,0.997,1,0.0009,0.9894,0.0097,0.001,0,0,0.999
3355,0.9991,0.9999,0.0242,0.928,0.0478,0.014,0,0.0006,0.9854
3356,0.9995,1,0.0093,0.9641,0.0267,0.0059,0,0.0003,0.9938
3357,0.9967,1,0.0223,0.9101,0.0676,0.0142,0,0.0003,0.9855
3358,0.9973,0.9999,0.0202,0.9154,0.0644,0.0142,0,0.0007,0.9851
3359,0.9619,0.9998,0.0212,0.895,0.0837,0.0932,0,0.0057,0.9011
3360,0.9977,1,0.0068,0.9731,0.0201,0.0048,0,0.0014,0.9938
3361,0.9677,0.9996,0.367,0.1892,0.4438,0.5027,0.0005,0.0158,0.4809
3362,0.9665,0.9946,0.0979,0.216,0.6861,0.6174,0.0067,0.0122,0.3637
3363,0.9963,0.9998,0.0028,0.984,0.0132,0.0033,0.0002,0.0002,0.9963
3364,0.996,1,0.0261,0.9338,0.0401,0.0091,0,0.0009,0.9899
3365,0.8633,0.985,0.178,0.239,0.583,0.6264,0.0379,0.0198,0.3158
3366,0.9723,0.9689,0.0111,0.9033,0.0856,0.0325,0.0172,0.0856,0.8648
3367,0.997,1,0.0003,0.9949,0.0047,0.0001,0,0.0001,0.9998
3368,0.9954,1,0.0057,0.9604,0.0339,0.0033,0,0.0007,0.996
3369,0.9884,0.9993,0.0069,0.8024,0.1907,0.0605,0,0.001,0.9385
3370,0.9967,1,0.0035,0.9831,0.0134,0.0007,0,0.0001,0.9992
3371,0.9986,1,0.0072,0.9833,0.0095,0.001,0,0.0002,0.9988
3372,0.9341,0.9984,0.0955,0.8423,0.0621,0.0763,0.0002,0.059,0.8646
3373,0.9992,1,0.0022,0.9942,0.0036,0.0003,0,0.0001,0.9996
3374,0.9879,0.9999,0.0514,0.2482,0.7003,0.7303,0.0005,0.0126,0.2567
3375,0.9809,0.9998,0.0055,0.7868,0.2077,0.1634,0.0016,0.0014,0.8337
3376,0.9981,1,0.0112,0.9387,0.0501,0.0157,0.0001,0.0008,0.9834
3377,0.9872,1,0.0015,0.9942,0.0043,0.0003,0,0.0003,0.9994
3378,0.9555,0.9991,0.0098,0.7965,0.1937,0.1807,0.0005,0.006,0.8128
3379,0.997,0.9999,0.0325,0.9061,0.0614,0.009,0,0.0007,0.9903
3380,0.9958,0.9967,0.5428,0.1418,0.3154,0.3297,0.0004,0.0062,0.6637
3381,0.7898,0.9957,0.1299,0.1584,0.7117,0.8143,0.0171,0.0287,0.1399
3382,0.9611,0.9998,0.0903,0.1717,0.7381,0.786,0.0041,0.0165,0.1935
3383,0.9857,0.996,0.6946,0.1255,0.1799,0.1285,0,0.0055,0.866
3384,0.9678,1,0.0749,0.1886,0.7365,0.6997,0.0001,0.0066,0.2935
3385,0.9973,0.9998,0.0164,0.9447,0.0389,0.0054,0,0.0008,0.9938
3386,0.9889,0.9518,0.1669,0.7842,0.0489,0.051,0.1864,0.1584,0.6042
3387,0.9198,0.9998,0.2334,0.1852,0.5814,0.5889,0.0008,0.0143,0.396
3388,0.9856,0.9653,0.4966,0.3434,0.16,0.179,0.0044,0.0422,0.7744
3389,0.9988,1,0.0071,0.9698,0.0231,0.0015,0,0.0003,0.9982
3390,0.9773,1,0.0144,0.954,0.0316,0.0106,0.0003,0.0059,0.9832
3391,0.9868,0.9998,0.0173,0.5213,0.4615,0.1482,0,0.002,0.8498
3392,0.9901,1,0.0117,0.8758,0.1125,0.0065,0,0.0002,0.9933
3393,0.9734,0.9999,0.0036,0.9667,0.0298,0.0107,0,0.0015,0.9878
3394,0.9944,0.9587,0.5315,0.2561,0.2124,0.2571,0.0005,0.0292,0.7133
3395,0.9704,0.9172,0.0096,0.6125,0.378,0.1065,0.0062,0.0038,0.8835
3396,0.98,0.9427,0.0622,0.6556,0.2822,0.1366,0.0143,0.0469,0.8022
3397,0.9962,1,0.0003,0.9983,0.0014,0,0,0,0.9999
3398,0.9922,0.9998,0.0223,0.5491,0.4286,0.0103,0.0021,0.0015,0.9861
3399,0.9971,0.9999,0.0082,0.9766,0.0151,0.0034,0,0.0004,0.9962
3400,0.9839,0.9564,0.026,0.8973,0.0767,0.0432,0.0144,0.108,0.8345
3401,0.9252,0.9399,0.015,0.863,0.1221,0.0547,0.013,0.0218,0.9105
3402,0.9751,0.9997,0.0249,0.9164,0.0588,0.0636,0.0001,0.0221,0.9142
3403,0.9643,0.9999,0.0651,0.1036,0.8312,0.8859,0.0024,0.0114,0.1002
3404,0.9434,0.9966,0.0796,0.061,0.8594,0.8872,0.0003,0.0078,0.1046
3405,0.9972,1,0.0008,0.9983,0.001,0,0,0.0001,0.9999
3406,0.9392,0.9056,0.075,0.5298,0.3953,0.2791,0.0096,0.0202,0.6911
3407,0.9967,0.9999,0.004,0.9309,0.0651,0.008,0,0.0003,0.9917
3408,0.9979,1,0.0078,0.9713,0.0209,0.0019,0,0.0004,0.9977
3409,0.9412,0.9985,0.016,0.1267,0.8573,0.8623,0.0028,0.0047,0.1302
3410,0.974,0.9998,0.014,0.7914,0.1946,0.0193,0.0171,0.0017,0.9619
3411,0.9882,1,0.003,0.917,0.0799,0.0081,0.0001,0.0003,0.9915
